"","sort(rowSums(perc_FTE), decreasing = TRUE)"
"Total",288
"*",237.534666834454
"RLG_xilon-diguus_AC203313-7774",5.12146665295572
"RLX_osed_AC191084-2931",5.09282700058626
"RLG_doke_AC197224-5479",2.54211416562522
"RLC_ji_AC186528-1508",2.43604553039154
"RLC_giepum_AC211251-11074",2.33801711606064
"RLX_sari_AC184117-11",2.13925791344702
"RLX_sela_AC195130-4415",1.97905296593134
"RLC_ji_AC209892-10463",1.61870897933325
"RLX_milt_AC211742-11402",1.3851206423386
"RLC_giepum_AC197531-5634",1.33915688385222
"DTC_ZM00081_consensus",1.10515185928083
"RLC_opie_AC210610-10772",0.929570391524824
"RLG_tekay_AC211245-11065",0.880775670380007
"RLG_uwum_AC190887-2701",0.829925091578356
"RLC_neha_AC215285-13046",0.666416396239271
"RLG_lata_AC191117-2960",0.571969616282118
"RLG_puck_AC208456-9876",0.547235564421282
"RLX_teki_AC202867-7492",0.5418725868369
"RLX_ubow_AC194933-4355",0.529263086335786
"RLG_grande_AC200214-6803",0.510735571827484
"RLC_wiwa_AC191531-3153",0.484860148862506
"RLC_doke_AC186158-1307",0.472949782040257
"RLG_tekay_AC200856-6996",0.418573224683141
"RLG_guhis_AC198413-5999",0.404250227421854
"RLX_iwik_AC203371-7824",0.389024931006659
"RLG_uwum_AC177933-415",0.378006433724987
"DTC_ZM00101_consensus",0.373321040694451
"RLG_CRM4_AC206864-9376",0.362525867941202
"RLG_uwum_AC213069-12092",0.355761274656814
"RLX_vegu_AC190718-85",0.320402006380647
"RLG_cinful-zeon_AC193672-3742",0.300782078762099
"DTM_Zm00743_AC177943-1",0.278512326457994
"RLC_dijap_AC211466-11198",0.273305383972425
"RLG_pebi_AC207888-9755",0.257682362023519
"RLC_eninu_AC191055-2893",0.229205734475207
"RLX_CRM2_AC206920-9397",0.227967683408084
"RLG_gyma_AC212146-11616",0.221683986138902
"RLG_huck_AC208546-9913",0.219385230452287
"RLX_baso_AC192251-3423",0.209169249629067
"RLC_gudyeg_AC206942-9404",0.208159059550992
"RLX_naseup_AC196428-5108",0.204855794817958
"RLG_prem1_AC206253-9147",0.204793238750428
"RLG_xilon-diguus_AC185317-1058",0.203819261070883
"RLG_cinful-zeon_AC203004-7602",0.193804276586191
"RLG_ywyt_AC209975-10517",0.187225491902739
"RLX_yreud_AC198385-5976",0.184579107568834
"RLG_prem1_AC186287-1362",0.18438002350952
"DTM_Zm00665_AC184764-1",0.165311461516703
"DTC_ZM00013_consensus",0.159477671593033
"RLC_opie_AC201793-7083",0.156372040344445
"RLX_avahi_AC191363-3084",0.138423545744501
"RLX_CRM3_AC200048-6717",0.124397181649652
"RLC_ji_AC215728-13156",0.121679064945757
"RLX_milt_AC209648-10275",0.121550204195338
"RLC_machiavelli_AC200490-6883",0.118971518842928
"RLC_ji_AC195394-4599",0.114866874426032
"DTM_Zm00268_AC191380-1",0.114021119375874
"RLG_gyma_AC189750-2238",0.109802087239898
"DTM_Zm00030_AC190592-1",0.107487267186714
"RLC_giepum_AC211155-11010",0.105509554039131
"RLX_bene_AC198379-5969",0.10475927047913
"DTC_ZM00014_consensus",0.104016028818929
"RLX_hutu_AC210780-10851",0.10169897766096
"DHH_Hip2_2",0.10123267223382
"RLC_fourf_AC202975-7570",0.0999000145695343
"DTM_Zm02117_AC177838-1",0.0967429753009224
"RLG_CRM4_AC201761-7053",0.0951874909484582
"DTM_Zm00628_AC207419-1",0.0940595437072867
"RLG_huck_AC208842-10038",0.0928378410732592
"RLG_prem1_AC200740-6986",0.0893809577521065
"DTC_ZM00105_consensus",0.0814645130923713
"RLG_prem1_AC215184-12949",0.0803116240146059
"RLC_opie_AC198173-5898",0.0770721730024046
"RLG_cinful-zeon_AC198933-6214",0.0759321643571379
"RLC_stonor_AC212476-11849",0.0720436069325482
"RLG_flip_AC193970-3791",0.0716054010130816
"RLX_naiba_AC195481-139",0.0708029753738062
"DTC_ZM00034_consensus",0.0671915145650192
"DTC_ZM00122_consensus",0.0665847759040465
"DTH_ZM00035_consensus",0.0634156400380902
"RLG_flip_AC208040-9765",0.0612019008118577
"DTM_Zm02731_AC194595-1",0.0572178616983431
"RLX_wihov_AC205351-8739",0.0566235579144127
"DHH_Hip2_1",0.0564654362292245
"DTC_ZM00028_consensus",0.0552387303036652
"DTM_Zm00364_AC196271-1",0.0517042485272236
"RLX_name_AC197689-5725",0.0517022989731275
"DTC_ZM00106_consensus",0.0514999432689392
"RLC_nuhan_AC206272-9161",0.0512897727542979
"RLC_debeh_AC177840-246",0.0508694003409328
"RLG_huck_AC210804-10865",0.0506246607345188
"RLG_puck_AC211927-11478",0.0496674696652867
"RIL_okor_AC198695-0",0.0495661367857596
"DTC_ZM00045_consensus",0.0490083296479339
"RLG_flip_AC213672-12280",0.0477766510515093
"RLG_prem1_AC191715-3282",0.0476351625638418
"RIL_nubo_AC212389-0",0.0474139535901485
"DTC_ZM00051_consensus",0.046660779935072
"DTM_Zm07209_AC211743-1",0.0460322561578898
"DTC_ZM00108_consensus",0.0457308211678982
"RLG_cinful-zeon_AC211144-11003",0.0453396968368337
"RLX_ruda_AC202870-7495",0.0451934467386358
"RLG_huck_AC194973-4393",0.0444624257702159
"RLG_puck_AC215312-13067",0.0436627955878615
"DTM_Zm00850_AC186314-1",0.0412177010799674
"DHH_Hip1_1",0.0386150818432374
"DTC_ZM00094_consensus",0.0380382654292202
"DHH_Hip1_26",0.0378966128577878
"RLC_ibulaf_AC186801-1662",0.0378560503478579
"DHH_Hip1_28",0.0366716655645938
"RLX_bumy_AC216354-13379",0.0359319425720711
"RLG_cinful-zeon_AC211573-11290",0.0356581653983819
"RLG_prem1_AC201801-7095",0.0333436518522467
"RIL_okor_AC205906-0",0.0328854574016982
"DTH_ZM00021_consensus",0.0323072896921132
"DTH_ZM00409_consensus",0.0321290090976159
"RLG_bygum_AC188125-2053",0.0314215415674764
"DTH_ZM00004_consensus",0.0313998879806384
"RLG_gyma_AC198939-6228",0.0306051837260676
"DTC_ZM00015_consensus",0.0300795412057259
"RLX_loukuv_AC197842-5799",0.0296959242004315
"RIT_colonist_AC209460-0",0.0291405681754398
"RLC_totu_AC194464-4142",0.0291029815090491
"DTA_ZM00283_consensus",0.0282090010759797
"RIL_afeda_AC208414-0",0.0279919944346078
"DTA_ZM00024_consensus",0.027714199426089
"DTA_ZM00383_consensus",0.0274040734156004
"RIL_yliij_AC206507-0",0.0267993414912285
"DTC_ZM00063_consensus",0.0257963902490793
"DTA_ZM00025_consensus",0.0252712879415643
"RIL_gugyve_AC194248-0",0.0249275094113753
"RIL_oviev_AC204897-0",0.0242555344312679
"RIL_jikeuf_AC211152-0",0.023995779870347
"DTM_Zm00473_AC191070-1",0.0238959353010355
"RIL_loneok_AC193379-0",0.0235403532491673
"RLG_xilon-diguus_AC195486-4629",0.023053508258857
"DTH_ZM00032_consensus",0.0228488304793211
"RLC_donuil_AC196196-5026",0.0227992770452792
"DTC_ZM00038_consensus",0.0227106811968893
"DTA_ZM00373_consensus",0.0224219265079444
"RLG_prem1_AC184142-802",0.0223937257747847
"DTC_ZM00107_consensus",0.0221022038131213
"DTA_ZM00169_consensus",0.0218026140170969
"DTA_ZM00041_consensus",0.0215066599476414
"RIL_ekeje_AC197537-0",0.0214244297002246
"DTA_ZM00254_consensus",0.0212804602126674
"RLG_gyte_AC207411-9568",0.0203046023134936
"RIL_koajav_AC205853-0",0.0201765724403137
"DTC_ZM00030_consensus",0.019906080085708
"RLX_ugymos_AC182443-149",0.0198512099387214
"RLC_bihar_AC195875-4766",0.0198295255621709
"RLX_tuteh_AC183372-584",0.0198129186200144
"RLC_hesa_AC204349-8207",0.0197968560557151
"RLX_hiimam_AC207734-9687",0.0197367214384049
"RLG_huck_AC213612-12218",0.0195279036286234
"RLX_defub_AC191393-106",0.0194684655652906
"RIL_keneat_AC209697-0",0.0193967189880907
"DTM_Zm03556_AC177900-1",0.0191648338365171
"RLC_opie_AC185480-1137",0.0190546274582395
"DTH_ZM00471_consensus",0.018882657439466
"RLG_cinful-zeon_AC215255-13029",0.0187230742708725
"DTH_ZM00412_consensus",0.0186123316830385
"RIL_etiti_AC211734-0",0.0185936089771815
"DTA_ZM00035_consensus",0.0184470875879611
"RIL_leijoh_AC212369-0",0.0179877803398485
"DTH_ZM00385_consensus",0.0179543791360835
"RST_ZmSINE2_1_consensus-0",0.0178207840714514
"RLC_opie_AC211653-11340",0.0175708139151516
"RIT_jare_AC204843-0",0.0174719489899403
"RLX_kawivo_AC186793-30",0.017381553538168
"RLC_raider_AC209705-10304",0.0172197541256925
"RLX_ruda_AC195952-4839",0.0169920737056672
"DTH_ZM00018_consensus",0.0169671994326772
"DTC_ZM00093_consensus",0.0169270316516859
"DTM_Zm02661_AC177816-1",0.0168235695426903
"RLG_gyma_AC206653-9288",0.0167470379283638
"DTA_ZM00229_consensus",0.0166692059422451
"DTA_ZM00027_consensus",0.0161934859516623
"RLX_kahoba_AC186618-29",0.0161801789944265
"RIL_edaej_AC215611-0",0.0161777644104736
"DTM_Zm02785_AC190936-1",0.0161684553591463
"RIL_ejoet_AC212216-0",0.016102580037336
"RIL_nugimu_AC203843-0",0.0158582295813297
"RLC_ji_AC204382-8228",0.0156708485148275
"DTH_ZM00051_consensus",0.0156288355447386
"RLG_ewib_AC198384-5975",0.0156164982484824
"RLC_ebel_AC213044-12072",0.0154793750901052
"RLG_gyma_AC197250-5506",0.0154303637920349
"DTA_ZM00217_consensus",0.015265506996225
"DTA_ZM00033_consensus",0.0151193127565607
"DTA_ZM00028_consensus",0.0149479064781237
"DTA_ZM00012_consensus",0.0148883299526247
"DTA_ZM00026_consensus",0.0143575595701046
"RLG_gyma_AC190530-2365",0.0143207423876212
"DTA_ZM00346_consensus",0.0143194963155045
"RLG_prem1_AC212325-11702",0.0143014823585298
"DTA_ZM00231_consensus",0.014076837061856
"DTA_ZM00182_consensus",0.0140637666694928
"RLX_ojah_AC184792-875",0.0140406252656479
"DTM_Zm01468_AC186160-1",0.0140318084705795
"DTA_ZM00179_consensus",0.0139359926708295
"DTA_ZM00153_consensus",0.0136454836609556
"DTM_Zm00257_consensus",0.0136415906027858
"DTC_ZM00060_consensus",0.0136262573826069
"DTH_ZM00012_consensus",0.013514326613407
"RLG_ubid_AC210086-10583",0.0135072176375696
"DTA_ZM00023_consensus",0.0134431975386268
"RLG_dagaf_AC182835-556",0.0133816284204487
"DTH_ZM00057_consensus",0.0132432209533578
"RLX_uwub_AC195372-161",0.0131731496947872
"DTT_ZM00012_consensus",0.0131319011748947
"DTH_ZM00025_consensus",0.0130074956285483
"RLG_bosohe_AC205838-9025",0.0129992606847929
"RLG_apil_AC198662-6085",0.0127474588232914
"RST_ZmSINE2_3_consensus-0",0.0127108773189161
"DTA_ZM00186_consensus",0.0126968477944495
"RIL_totyru_AC203014-0",0.0124179437025541
"DTC_ZM00025_consensus",0.0121484178628281
"DTM_Zm02703_AC177838-1",0.0120864223123041
"RIL_ijij_AC200508-0",0.0120440117958011
"DTT_ZM00011_consensus",0.0120393676089275
"RLC_ji_AC211489-11215",0.0118646545174062
"RLC_ahov_AC193643-3726",0.0118025297773655
"DTH_ZM00292_consensus",0.0117091625992808
"DTH_ZM00058_consensus",0.0115585382098334
"DTH_ZM00431_consensus",0.0114505932124723
"RLG_nopip_AC188036-2052",0.0114092488090099
"RLG_laiwa_AC214288-12602",0.0113899207264318
"DTH_ZM00410_consensus",0.0113646769927775
"DTT_ZM00055_consensus",0.0112822909538943
"DTA_ZM00034_consensus",0.0111460550985747
"RLX_lamyab_AC208713-10008",0.0111341995982958
"DTH_ZM00127_consensus",0.0110525570356287
"RLC_labe_AC203760-7937",0.010951330116105
"RLG_cinful-zeon_AC191398-3106",0.0108426082169885
"DTA_ZM00037_consensus",0.0107459444319258
"DTC_ZM00089_consensus",0.010629894509715
"RST_ZmSINE2_2_consensus-0",0.0105873190740522
"DTH_ZM00003_consensus",0.0105513018037227
"DTM_Zm00614_AC192252-1",0.0104479611778393
"DTA_ZM00121_consensus",0.0104446915885526
"DTA_ZM00022_consensus",0.0104244166933741
"DTH_ZM00489_consensus",0.0104093341149452
"DTH_ZM00020_consensus",0.010407143443454
"DTA_ZM00016_consensus",0.0102816478897246
"RLX_ukov_AC204842-177",0.0102687890284708
"RLX_onub_AC190523-2356",0.0102486693437683
"RLC_ebel_AC195143-4427",0.0102451285729386
"RIL_otiot_AC206557-1",0.0101479541999709
"DTH_ZM00054_consensus",0.0101199433232957
"DTM_Zm08178_AC186417-1",0.0100324789196636
"DTA_ZM00004_consensus",0.0100162095105344
"RLG_satulo_AC197006-5311",0.0100161914176813
"RLX_yraj_AC205486-8834",0.0100037072677771
"DHH_Hip5_12",0.00994369444954503
"RLC_ebel_AC188777-2128",0.00993063497238197
"DTA_ZM00013_consensus",0.0099103474328913
"DTC_ZM00062_consensus",0.00979866960462047
"RLC_fehod_AC184774-851",0.00979865935724268
"RLC_tata_AC205418-8792",0.00979169702151905
"DHH_Hip7_1",0.00975738471056298
"DHH_Hip2_45",0.009750765343389
"RIL_odoif_AC210308-0",0.00965051869424857
"RLG_udav_AC196188-5022",0.00960104088322158
"DTA_ZM00261_consensus",0.00959689918920377
"RIL_udag_AC207804-0",0.00954991572857515
"DTH_ZM00062_consensus",0.00953826627982775
"RLG_lyruom_AC185669-1267",0.00930645942483729
"RIL_pyelum_AC203928-0",0.00923934415707512
"DTA_ZM00106_consensus",0.00923284486054008
"RLC_bovo_AC197547-5647",0.00923086157366877
"DTA_ZM00263_consensus",0.00921756831583799
"RLX_vusu_AC187081-1751",0.00917566547565775
"DTC_ZM00065_consensus",0.00916667062499734
"DTA_ZM00098_consensus",0.00891883885605741
"RLC_nitat_AC190618-2442",0.00887628199880253
"RLC_opie_AC187207-1792",0.0088646494496038
"RLG_kase_AC212771-11956",0.00881693276405763
"DTA_ZM00019_consensus",0.00880551617428068
"DTC_ZM00044_consensus",0.00874419513118315
"RLG_bosohe_AC212057-11553",0.00873054804197755
"DTH_ZM00017_consensus",0.00869978178035901
"RLG_lowy_AC190530-2366",0.00867812901772035
"RLC_tatu_AC212076-11563",0.00864154088798084
"DTH_ZM00202_consensus",0.00861588565396623
"DTH_ZM00014_consensus",0.00859915460779336
"DTA_ZM00160_consensus",0.00856952892335248
"RLC_hani_AC186285-1359",0.00856593472006253
"DTA_ZM00010_consensus",0.0085405802639767
"DTT_ZM00056_consensus",0.0085100559924732
"DHH_Hip1_5",0.00847287771251456
"DTT_ZM00037_consensus",0.00846468335588908
"DTH_ZM00350_consensus",0.00843364084736742
"RLG_flip_AC203163-7675",0.00841963489342686
"RLC_iseb_AC207352-9544",0.00838699129692834
"DTA_ZM00172_consensus",0.00829066228689238
"DTA_ZM00038_consensus",0.00827617723033248
"DTH_ZM00351_consensus",0.00824894595783617
"DTC_ZM00017_consensus",0.00823762204488942
"RLG_dadeir_AC201957-7187",0.00821265606043569
"DTM_Zm02947_AC197071-1",0.00808406972711182
"DTH_ZM00093_consensus",0.00805707962465191
"DTA_ZM00059_consensus",0.00796256678308742
"DTA_ZM00009_consensus",0.00787649078244507
"DTH_ZM00418_consensus",0.00783751080094905
"DTT_ZM00046_consensus",0.00769634641326964
"DTH_ZM00044_consensus",0.0076947634273832
"DTA_ZM00133_consensus",0.00760750795469066
"RLC_sofi_AC215261-13035",0.00759737297717377
"DTH_ZM00249_consensus",0.00756938400343048
"DHH_Hip1_43",0.00755928795531866
"DTC_ZM00077_consensus",0.00752837292584933
"DTA_ZM00063_consensus",0.00747959509772813
"DTA_ZM00264_consensus",0.00742487091474892
"DTH_ZM00276_consensus",0.00740339930714847
"DTM_Zm04817_AC194407-1",0.00739706384347374
"RLG_udokup_AC210420-10735",0.00739699796499819
"RLC_wamenu_AC191287-3028",0.00739689426684155
"DTA_ZM00002_consensus",0.00736711503396612
"DTH_ZM00358_consensus",0.00729276628115217
"RLG_fege_AC205532-8884",0.00722150298551737
"DTA_ZM00017_consensus",0.00719492542526868
"DTC_ZM00113_consensus",0.00716685059800459
"DTH_ZM00019_consensus",0.00716565295326477
"RLG_nasi_AC205509-8857",0.00714763212764952
"DTM_Zm00299_consensus",0.00710659510840786
"RLC_homy_AC197914-5822",0.00707764003934688
"RLX_afuv_AC186332-26",0.0070420387213486
"RLG_gati_AC195589-4669",0.00701076976589525
"DTA_ZM00207_consensus",0.0069760529126144
"DHH_Hip6_2",0.00695380502643791
"DTH_ZM00090_consensus",0.00691758750110563
"DTH_ZM00118_consensus",0.0069163977170045
"RLC_ajajog_AC191578-3186",0.00687070215832255
"RLC_urum_AC198861-6159",0.00686486189105315
"DTC_ZM00027_consensus",0.00680405298981965
"RLG_amiin_AC191769-3319",0.00678891968754224
"DTH_ZM00364_consensus",0.00677637795289974
"DTM_Zm00118_consensus",0.00675743833037159
"DTM_Zm00266_consensus",0.0067508765371296
"DTH_ZM00027_consensus",0.00666714120061762
"DTA_ZM00020_consensus",0.00661284249848744
"DTM_Zm18165_AC204287-1",0.00655381585378746
"DTH_ZM00013_consensus",0.00649947758284584
"DTA_ZM00155_consensus",0.00645693292005406
"DTA_ZM00299_consensus",0.00644788562298778
"DTH_ZM00001_consensus",0.00639354598811099
"DTM_Zm06136_AC196794-1",0.00636974028068459
"DTH_ZM00326_consensus",0.00635427310671864
"DTH_ZM00320_consensus",0.00635280514488632
"RLG_bogu_AC196148-4995",0.00631912228877886
"RLG_dagaf_AC195302-4533",0.00631190197210935
"DTC_ZM00069_consensus",0.0062957666135812
"RLG_ewib_AC207533-9599",0.00627947991842834
"DTH_ZM00335_consensus",0.0062688286559025
"RIL_naefe_AC212820-0",0.0062652377808199
"DTM_Zm04488_AC195819-1",0.00625156389031871
"DTH_ZM00194_consensus",0.00622174352188983
"DTH_ZM00162_consensus",0.00620324523202559
"RLG_ovikoh_AC200886-1-999999",0.00614453034818742
"DTM_Zm00673_AC187563-1",0.00611543101604127
"DTH_ZM00029_consensus",0.00603606488761122
"DTM_Zm15648_AC201970-1",0.00602439553706901
"DTA_ZM00141_consensus",0.00602186341506827
"RLG_sowu_AC215679-13136",0.00599448415600589
"DTH_ZM00022_consensus",0.00598135976019394
"DTH_ZM00163_consensus",0.00596667457759957
"DTA_ZM00126_consensus",0.00591855184953136
"RLG_iwim_AC203300-7761",0.00589357015429864
"DTA_ZM00156_consensus",0.00586318499693251
"DTA_ZM00139_consensus",0.00581010944402306
"DTA_ZM00036_consensus",0.00580868447254205
"DTA_ZM00018_consensus",0.00580453353300169
"RLG_wuwe_AC212122-11600",0.00577437888332321
"DTA_ZM00322_consensus",0.00576911634990641
"DTC_ZM00092_consensus",0.0057254631871355
"RLG_naijaj_AC205556-8907",0.00571955595680102
"RLC_lafa_AC205893-9045",0.0056889664259007
"DTH_ZM00311_consensus",0.00561551228700287
"DTA_ZM00234_consensus",0.00556010933962503
"RLG_ulik_AC205416-8790",0.00554521651325676
"DTC_ZM00091_consensus",0.00552447776605772
"DTH_ZM00026_consensus",0.00551941251538837
"DTH_ZM00160_consensus",0.00550866011434425
"DTC_ZM00095_consensus",0.00549150687775078
"DTH_ZM00119_consensus",0.0054871173780353
"RLC_huti_AC197153-5449",0.00546750342306311
"DTA_ZM00313_consensus",0.00543988920618154
"RLX_fajy_AC190874-2682",0.00541000280255853
"DTC_ZM00057_consensus",0.00540121539617682
"DTA_ZM00314_consensus",0.0053574284454809
"RLG_ahoru_AC187284-1845",0.00535085179912487
"RLC_jelat_AC194217-3960",0.00533940610227301
"DTM_Zm00555_consensus",0.00532934254976704
"DTA_ZM00199_consensus",0.00532024676961923
"DTA_ZM00166_consensus",0.00530859097723961
"RLC_afad_AC199807-6594",0.00529492732679353
"DTM_Zm00197_AC185211-1",0.00526819864395461
"RLX_buire_AC194484-4158",0.00524437008338921
"RLX_odip_AC216266-13348",0.00521260439977525
"DTA_ZM00039_consensus",0.00519352665815617
"DTM_Zm02066_AC183508-1",0.00517390185866808
"DTA_ZM00165_consensus",0.00517147095319421
"DTA_ZM00014_consensus",0.0051512266182885
"RLG_bosohe_AC205330-8724",0.00514693273387771
"DTA_ZM00021_consensus",0.00511369051647106
"RLX_utar_AC212228-11664",0.00509644668874782
"DTA_ZM00071_consensus",0.00507157441362924
"DTH_ZM00241_consensus",0.00505525509357144
"DTA_ZM00088_consensus",0.00501180869138782
"DTC_ZM00083_consensus",0.00499092199656815
"DTC_ZM00110_consensus",0.00498382821941068
"DTA_ZM00258_consensus",0.00497409869819677
"DTA_ZM00265_consensus",0.00494301636348264
"DTH_ZM00024_consensus",0.00494231634165317
"DTH_ZM00180_consensus",0.00493630050449074
"DTA_ZM00007_consensus",0.00492127385076245
"DTM_Zm09664_AC195786-1",0.00491821835269526
"RLG_ojam_AC198400-5989",0.00491746978945012
"RLX_demo_AC202036-173",0.0049137524041771
"DTA_ZM00140_consensus",0.00486524573086506
"DTH_ZM00135_consensus",0.00485240478193511
"RLX_joemon_AC177891-147",0.00485076994562167
"DTH_ZM00016_consensus",0.00482531002210227
"DTA_ZM00366_consensus",0.00481576271252384
"DTC_ZM00026_consensus",0.00481287542345903
"RLG_bobobo_AC201919-7182",0.00479807386302485
"RLX_maono_AC208340-9832",0.00476259055182816
"DTH_ZM00327_consensus",0.00475868780905588
"RLX_ovev_AC199878-6641",0.00472739844445735
"RLG_rufefu_AC193384-3596",0.00471173382939199
"RLC_giream_AC204000-8116",0.00463182338321385
"DTA_ZM00208_consensus",0.00463033056228534
"RLG_bosohe_AC191654-3248",0.00456646196874606
"DTA_ZM00030_consensus",0.00456615553961588
"RLX_etug_AC187099-1770",0.00455019483352715
"DTA_ZM00289_consensus",0.00449302826891535
"RLX_bori_AC190960-100",0.0044861894806293
"DTA_ZM00286_consensus",0.00448254405021052
"RLG_abiri_AC203571-7891",0.00438566497029439
"RLG_awuhe_AC190897-2710",0.00438126291344646
"DTH_ZM00114_consensus",0.00435371013972947
"RLG_notu_AC200254-6827",0.00432677143448627
"DTT_ZM00021_consensus",0.00429428591374666
"DTA_ZM00300_consensus",0.00428426308157938
"RLC_vuijon_AC194895-4312",0.00428412910224145
"RLC_omud_AC203533-7881",0.00427093666411004
"RLC_hera_AC214536-12775",0.00425906813969414
"DTA_ZM00256_consensus",0.00424576325882273
"DTM_Zm06455_AC195585-1",0.00423419566098567
"RLX_hoda_AC193645-3730",0.00423076504971518
"DTM_Zm00851_AC186342-1",0.00421092814662424
"RLG_bosohe_AC190752-2561",0.00419454206492908
"RLG_wemu_AC204680-8396",0.00419119843932427
"DTM_Zm05382_AC195362-1",0.00419101097443
"RLG_soger_AC204598-8342",0.00417734194455315
"RLG_piube_AC183505-603",0.00416094069319346
"DTA_ZM00067_consensus",0.00415603979975356
"DTA_ZM00237_consensus",0.0041488405849547
"RLG_mufeub_AC194206-3950",0.00414473878075346
"RLC_owiit_AC196151-4998",0.00412099171006265
"DTA_ZM00048_consensus",0.00409991436081294
"DTC_ZM00056_consensus",0.00408977785694424
"RLC_gekog_AC203828-7984",0.00406547888391055
"RLG_moorud_AC199961-6697",0.00405767551134274
"RLG_magellan_AC194897-4313",0.00403748382642987
"RLG_guwiot_AC207006-9429",0.00401137149393667
"DTA_ZM00184_consensus",0.00400918497719774
"RLG_cinful-zeon_AC206171-9091",0.00399921220428271
"RLX_pibo_AC201915-172",0.00399015064320918
"DTM_Zm14377_AC199567-1",0.00398190321391409
"DTH_ZM00034_consensus",0.0039725002208174
"RLG_weaniv_AC196414-5097",0.0039499211842515
"DTC_ZM00109_consensus",0.00394270019337166
"RLC_hopscotch_AC209396-10229",0.00394046272753161
"RLC_ajit_AC191382-3096",0.00390715931390811
"RLG_umojev_AC204420-8262",0.00386361816308291
"DTA_ZM00274_consensus",0.00385253012599989
"DTH_ZM00030_consensus",0.00381385698581522
"DTC_ZM00061_consensus",0.0037958671126331
"RLG_lywy_AC194967-4386",0.00377907694735515
"RLG_vufi_AC198989-6257",0.00377466664894205
"RIL_ogepy_AC198740-0",0.00375860854382209
"DTA_ZM00015_consensus",0.00375415448879729
"DTA_ZM00242_consensus",0.00368366706354388
"DTM_Zm33208_AC195911-1",0.00367328898503894
"RLG_kubi_AC196180-5016",0.0036727799820197
"DTA_ZM00277_consensus",0.00365892463833315
"DTH_ZM00361_consensus",0.00365815734558106
"DTA_ZM00096_consensus",0.0036490930327776
"RLG_dabe_AC212399-11783",0.00363898883406412
"RIL_rebaew_AC210723-0",0.00363612512994923
"DTM_Zm13526_AC198651-1",0.0036172429593758
"RLG_dagaf_AC208646-9966",0.00361499421021334
"RLG_grande_AC197914-5823",0.00360581019895453
"DTA_ZM00084_consensus",0.00360521902858603
"RLX_daju_AC190492-79",0.00358101659056349
"RLG_fuved_AC204055-8151",0.00357512042459347
"DTA_ZM00001_consensus",0.00356075711248389
"RLC_lusi_AC198175-5903",0.00355910663347369
"DTA_ZM00356_consensus",0.00355413426401574
"DTA_ZM00114_consensus",0.00354249150817779
"DTA_ZM00151_consensus",0.00349488106044529
"RLG_usuf_AC208533-9903",0.00348201386909568
"DTA_ZM00210_consensus",0.00347684306155759
"RLG_waepo_AC190953-2782",0.00347163937557121
"RLG_bomevy_AC195138-4424",0.00346269213153564
"DTC_ZM00102_consensus",0.00343875097438297
"RLC_wawo_AC216857-13424",0.00339303078812915
"RLC_janoov_AC209690-10294",0.00338231376921232
"RLX_vora_AC206187-9112",0.00337209434204525
"DTA_ZM00006_consensus",0.00336518828052629
"RLC_nowuv_AC215510-13095",0.00334785540748208
"RLX_habu_AC195917-4802",0.00333874117550768
"RLC_tiwewi_AC210937-10935",0.0033247779312103
"RLG_grande_AC190611-2432",0.0033115682692176
"DTM_Zm00800_consensus",0.00329360380216238
"DTM_Zm33205_AC203276-1",0.00328250310487623
"DTH_ZM00340_consensus",0.00327936491671037
"DTA_ZM00171_consensus",0.00326785569101862
"RLC_tiwe_AC187032-1709",0.00324952945128302
"DTM_Zm33209_AC185668-1",0.00324237302906904
"RLG_oguod_AC209724-10327",0.00323610743933457
"RLC_atop_AC195158-4437",0.00321465892520516
"RLG_sokiit_AC210743-10848",0.00320820631556938
"RLG_bogu_AC198870-6180",0.00318855134360743
"DTC_ZM00020_consensus",0.00315909305111794
"RLG_ikal_AC190798-2599",0.00315233864774409
"RLG_wuwe_AC191412-107",0.00314221517487671
"RLG_weki_AC194431-4099",0.00314089210705123
"RLG_nakovu_AC206324-9191",0.0031289722154402
"RLG_yvoj_AC215638-13124",0.00309063718689004
"RLG_bavav_AC208118-9781",0.00308696572310656
"DTM_Zm21757_AC193965-1",0.00308024043919581
"DTM_Zm03723_AC185669-1",0.00307508734151857
"DTC_ZM00053_consensus",0.00306828786053388
"DTA_ZM00259_consensus",0.00305768950010267
"RLX_toro_AC197199-5471",0.00305023296149642
"RLG_ewog_AC212715-11905",0.0030494204580008
"RLG_cinful-zeon_AC213887-12415",0.00303975018514667
"DHH_Hip6_5",0.003030193824654
"DTH_ZM00244_consensus",0.00301283588435442
"DTA_ZM00029_consensus",0.0030069633534525
"RLG_maro_AC204359-8211",0.00300428633498502
"RLX_arar_AC208428-9858",0.00300028318519643
"RLX_soefes_AC212121-11599",0.00299224875644725
"RLG_ugano_AC216043-13241",0.0029715057567433
"DTT_ZM00032_consensus",0.00297058662686682
"DTA_ZM00194_consensus",0.00292009136195722
"RLG_boha_AC205574-8933",0.00291820245686612
"DTH_ZM00031_consensus",0.00291234918048048
"RLG_upus_AC200875-7012",0.00290363837368014
"RLC_votaed_AC215881-13209",0.00288967200906405
"DTA_ZM00077_consensus",0.00284428073068613
"DTH_ZM00458_consensus",0.00283148874218748
"DTA_ZM00101_consensus",0.00282756519726531
"RLG_ytub_AC187411-1880",0.00282155855216084
"DTA_ZM00201_consensus",0.00281872677507109
"RLX_halo_AC205330-8725",0.00279304923339348
"RLC_pute_AC197188-5467",0.00273912816157541
"DTM_Zm00796_consensus",0.00272817089196172
"DTH_ZM00273_consensus",0.00272665189120844
"DTC_ZM00098_consensus",0.00272422757320102
"DTM_Zm13585_AC195825-1",0.00271797655992761
"RLC_atej_AC187217-40",0.00271172155839861
"RLC_raider_AC197426-5583",0.00270727270726349
"DTH_ZM00036_consensus",0.00269379927957799
"RLG_bosohe_AC206838-9357",0.00268249807747888
"RIL_piivi_AC212400-0",0.00267761037977886
"DTM_Zm25163_AC210240-1",0.00267455610112882
"DTA_ZM00189_consensus",0.00266136492523474
"DTA_ZM00136_consensus",0.00262558519349793
"RLG_ojokat_AC204297-8192",0.00262213810796325
"DTM_Zm09546_AC191082-1",0.00260910777318654
"RLX_panen_AC192606-115",0.0026011674831659
"DTH_ZM00460_consensus",0.00259815517868468
"DTA_ZM00052_consensus",0.00258858597101072
"DTM_Zm28681_AC214113-1",0.00258414878559334
"DTH_ZM00226_consensus",0.00257302000165178
"RLX_afeke_AC209700-10302",0.00257143429648457
"RLC_fuvej_AC194215-3955",0.0025681184889296
"DTA_ZM00008_consensus",0.00255513739439346
"DTM_Zm33220_AC177941-1",0.00254436708851582
"DTC_ZM00004_consensus",0.00252961268205951
"RLG_puck_AC208673-9982",0.0025168319706212
"DTA_ZM00032_consensus",0.00251388678800697
"DTA_ZM00031_consensus",0.00250995533856955
"RLG_okopam_AC187789-1948",0.00249992416129326
"DTM_Zm11868_AC202888-1",0.00248680678906482
"RLG_omoha_AC184843-894",0.00248311380750052
"DTA_ZM00138_consensus",0.00247387958212435
"DTC_ZM00126_consensus",0.0024711671752562
"DTT_ZM00019_consensus",0.00243582887600089
"RLG_pagof_AC198204-5908",0.00242936785567805
"DTM_Zm20218_AC204546-1",0.00241760322719494
"RLX_teuta_AC191650-108",0.00241643637368418
"RLX_kaise_AC203928-8059",0.00241283764492651
"RLG_ywuv_AC197432-5589",0.00241127774843671
"DTA_ZM00011_consensus",0.00240693550556328
"RLX_mafogo_AC199961-6695",0.00240450428818302
"DTA_ZM00333_consensus",0.00239966341542555
"DTM_Zm02084_consensus",0.00238300312253374
"RLC_vodida_AC203384-7831",0.00237980859842851
"RLC_opie_AC197201-5474",0.00236911384562261
"DTM_Zm08670_AC200188-1",0.0023612341782254
"DTT_ZM00007_consensus",0.00234870596590631
"RLG_witi_AC184140-796",0.00234651861902006
"DTH_ZM00307_consensus",0.00233855432492685
"RLG_gofi_AC196116-4977",0.00233090355256009
"DTM_Zm33234_AC208553-1",0.00232505386921694
"DTM_Zm02039_AC199523-1",0.00232370577760257
"RLG_ijaat_AC199510-6486",0.00230878913339757
"RLG_suda_AC215200-12975",0.00230407857819616
"DTA_ZM00278_consensus",0.00229980594645295
"RLC_gilovu_AC196048-4919",0.002295640959409
"RLG_uper_AC185487-1151",0.00229561813821977
"DTM_Zm25996_AC205363-1",0.00228005809386325
"DTT_ZM00006_consensus",0.00227323526018212
"RLC_agep_AC205112-8618",0.00226098396098496
"RLC_ogiv_AC205856-9034",0.00225918281049118
"RLG_olepo_AC212207-11645",0.00225271825801038
"DTA_ZM00113_consensus",0.00224867071171629
"DTM_Zm02656_AC189800-1",0.00224737501171897
"DTA_ZM00068_consensus",0.0022252083446547
"RLG_apil_AC204354-8209",0.00222487465449691
"RLX_ilofaw_AC186598-1545",0.0022232373836844
"DTA_ZM00250_consensus",0.00221883673829701
"DTT_ZM00004_consensus",0.00221715636134127
"RLX_saahol_AC198506-6044",0.00221309969415591
"RLC_ytar_AC194428-4096",0.00221081417354131
"DTH_ZM00038_consensus",0.0022105017681442
"DTM_Zm19831_AC209995-1",0.00220738016544289
"RLG_ovamef_AC196977-5281",0.00219809918077795
"RLX_mako_AC200748-6991",0.00217166680417616
"DTC_ZM00007_consensus",0.00216964869698785
"RLC_guvi_AC185473-1128",0.0021673085965774
"DTA_ZM00212_consensus",0.00216665276177545
"DTM_Zm29517_AC196442-1",0.0021449729738205
"RLG_lute_AC206502-9225",0.00214367547276868
"RLG_reina_AC200147-6773",0.00213593896441358
"RLC_niki_AC217821-13540",0.00212183355269191
"RLC_finaij_AC194312-4026",0.00211621354662408
"DTH_ZM00053_consensus",0.00210789323750719
"RLG_ojav_AC202435-7427",0.00208861219610641
"DTA_ZM00191_consensus",0.00208238474132539
"DTM_Zm10582IC_AC215679-1",0.00207983124991037
"RLC_mauky_AC195954-4843",0.00205994224215796
"DTM_Zm33207_AC210869-1",0.00205344981267129
"DTM_Zm14108_AC190892-1",0.00204778843733996
"RLC_taname_AC194273-3998",0.00204612579636823
"RLX_jeli_AC208705-10001",0.00202418872293929
"DTH_ZM00240_consensus",0.00201472371318545
"DTH_ZM00178_consensus",0.00200714815340165
"RLC_ubat_AC212211-11652",0.00200564913654424
"RLC_ydut_AC191122-2965",0.00200351216586181
"DTM_Zm26908_AC183312-1",0.0019962865767492
"RLC_ajipe_AC183372-580",0.00198366999384158
"RLX_gufa_AC194066-3854",0.00197629960772635
"DTT_ZM00003_consensus",0.00197622865362995
"DTT_ZM00041_consensus",0.00194731206011872
"DTT_ZM00054_consensus",0.00194711948682499
"RLG_labu_AC188126-2057",0.00194507412811981
"DTC_ZM00021_consensus",0.00194354929733254
"DHH_Hip1_14",0.00192333806556483
"DHH_Hip1_3",0.00192003053186309
"DTM_Zm02569_AC177893-1",0.00191612578190879
"RLX_yemi_AC201773-7064",0.001911370999113
"DTA_ZM00267_consensus",0.00190634458221426
"DTT_ZM00034_consensus",0.00190561013651937
"RLX_mulaf_AC207733-9686",0.00189561388128342
"RLG_usif_AC206781-9344",0.0018901485944221
"RIL_gifife_AC206630-0",0.00188335720661442
"DTM_Zm33221_AC192210-1",0.00188141278085655
"DTM_Zm09941_consensus",0.00187504449591733
"RLC_ruhi_AC205536-8890",0.00186451226144743
"DTA_ZM00301_consensus",0.00185300937703521
"DTM_Zm21089_AC203211-1",0.00182836067425436
"RLG_uvet_AC194145-3904",0.00182567279783714
"DTA_ZM00055_consensus",0.00182422712872981
"RLG_ufonah_AC194064-3852",0.00181538005484016
"DTA_ZM00148_consensus",0.00181487732995317
"DTM_Zm33222_AC190995-1",0.00181190104535361
"DTM_Zm20301_AC191081-1",0.00180676794331387
"RLG_nobe_AC198224-5924",0.00180375121663543
"RLG_ruugu_AC214105-12477",0.00179817589065398
"RLC_ehahu_AC202972-7568",0.00179440998089571
"RLG_hooni_AC211474-11202",0.00178454237171078
"DTM_Zm01980_AC186668-1",0.00178184994823097
"RLX_jeli_AC200611-6933",0.00177164180387483
"RLG_sywu_AC183899-694",0.001761673062829
"DTM_Zm08014_AC190710-1",0.00175099249887842
"RLC_uwaf_AC197569-5671",0.00174558972576962
"RLX_beby_AC214433-12667",0.00174458768465024
"RLX_ujinas_AC217279-13469",0.00172988530374829
"DTM_Zm33210IC_AC204277-1",0.00172053951260678
"DTA_ZM00239_consensus",0.0016968837586456
"RLX_emuh_AC193462-157",0.0016902693900561
"RLG_lise_AC211467-11199",0.00169015338385277
"DTC_ZM00003_consensus",0.00167708107385743
"DTA_ZM00219_consensus",0.00167089917378017
"DTM_Zm03238_AC195860-1",0.00166578135160877
"RLC_fipi_AC195215-4479",0.00165132019884251
"RLX_raga_AC196386-5066",0.00162596432744099
"RLX_kupu_AC216069-13264",0.00162013264641999
"RLX_bs1_AC185605-1189",0.00160513459234861
"DTA_ZM00325_consensus",0.0015959828731808
"DTA_ZM00054_consensus",0.00159411433707716
"RLX_fate_AC194466-4144",0.00158961306073898
"RLG_hute_AC204317-8199",0.00158560546940473
"RLG_ekoj_AC194603-4173",0.00158485792366185
"DTA_ZM00365_consensus",0.00157555310165442
"DTM_Zm32512_AC187775-1",0.00157185497647243
"RLX_oweiw_AC190860-2662",0.00157106500495241
"DTA_ZM00076_consensus",0.00157102838894879
"RLX_fanuab_AC193594-3712",0.00156518999600502
"DTM_Zm12720_AC207543-1",0.00156012637124989
"RLC_ugog_AC206863-9375",0.00155967296511137
"DTM_Zm17242_AC197682-1",0.00154784417079194
"RLX_mibaab_AC205139-8652",0.00153807352327379
"RLC_sehoad_AC198380-5972",0.00153101567903643
"RLX_poarow_AC200533-6899",0.0015224560838298
"DTA_ZM00353_consensus",0.00151704909290713
"RLX_sido_AC204367-8219",0.00151505376082828
"DTA_ZM00302_consensus",0.00151439545182936
"DTM_Zm19950_AC214136-1",0.0015127576021776
"RLX_nisow_AC208616-9947",0.00151099588605921
"RLC_ubel_AC183941-731",0.00150681134210807
"RLG_epohi_AC205903-9050",0.00150669924954
"DTC_ZM00082_consensus",0.00150512273764407
"RLX_petopi_AC195376-4582",0.00149940230503444
"DTH_ZM00234_consensus",0.00149163147045687
"DTH_ZM00073_consensus",0.00148465525100803
"RLX_ywely_AC190897-98",0.00148307413149718
"RLX_kinosi_AC183924-714",0.00147516453248446
"DTA_ZM00348_consensus",0.00145192860184088
"RLG_tituer_AC196493-5158",0.00144780487242826
"DTA_ZM00042_consensus",0.00143895255538762
"RLG_yfages_AC197085-5383",0.00142369932640189
"RLC_hago_AC195807-4722",0.00140840040128433
"DTM_Zm15816_AC194642-1",0.00140225039873135
"DTA_ZM00364_consensus",0.00139548788929597
"DTA_ZM00294_consensus",0.00139413642204339
"DTM_Zm01654_consensus",0.00139390767516965
"DTA_ZM00308_consensus",0.00138527034957017
"DTM_Zm23554_AC210619-1",0.00138461809435114
"RLG_prem1_AC196065-4927",0.00137950485229955
"DTA_ZM00255_consensus",0.001373927132616
"RLX_vafim_AC196676-5176",0.00136674007627953
"RLX_vufe_AC194263-159",0.00136251383267421
"DTA_ZM00272_consensus",0.00136005603693204
"DTM_Zm00884_AC214130-1",0.00135451135854916
"DTM_Zm27731_AC205570-1",0.00135430716138551
"DTM_Zm33229_AC199704-1",0.00135175997782201
"DTA_ZM00129_consensus",0.00134477872792313
"DTA_ZM00236_consensus",0.0013427590606858
"DTA_ZM00243_consensus",0.00132895015887327
"RLX_ifab_AC209906-10473",0.0013286247211834
"DTH_ZM00015_consensus",0.00132835595813314
"DTA_ZM00253_consensus",0.00132194575301797
"DTA_ZM00233_consensus",0.00132134694392407
"DTA_ZM00240_consensus",0.00131544365398166
"DTM_Zm33202_AC177945-1",0.00131234454353051
"DTT_ZM00005_consensus",0.00131173325974953
"DTC_ZM00041_consensus",0.00130763056742926
"RLG_loba_AC194942-4364",0.00130528417885784
"RLG_bosohe_AC213600-12201",0.00130086473749661
"RLC_volo_AC195546-4646",0.00129552171713937
"RLC_dugiab_AC207724-9683",0.00127510795936241
"DTM_Zm20615_AC216184-1",0.00127350667890117
"RLG_tuku_AC177929-405",0.00126641763369265
"RLG_lute_AC217373-13492",0.00125670844371294
"RLC_japov_AC213985-12447",0.00124935676998346
"DTM_Zm15241_AC184857-1",0.00123823863778226
"PPP_PPO_AC185414",0.00123557831697508
"RLG_oveah_AC206282-9165",0.00122905983168105
"RLX_anim_AC206032-183",0.00122813413899985
"DTM_Zm16884_AC205840-1",0.00122237661775133
"RLC_seufyt_AC194940-4361",0.00122205406857683
"RLX_ulon_AC190608-155",0.0012217111467127
"DTH_ZM00043_consensus",0.00122135706239863
"DTA_ZM00081_consensus",0.00121312951144873
"RLX_rulo_AC186371-28",0.00121058730544196
"RLG_bowuow_AC212139-11611",0.00120989856661426
"RLX_dady_AC210684-10809",0.00119507573425341
"DTA_ZM00174_consensus",0.00119377285671209
"DTM_Zm33224_AC210149-1",0.00119344897334948
"DTA_ZM00173_consensus",0.0011908888409531
"DTH_ZM00463_consensus",0.00118910555737909
"RLX_wawu_AC211017-10990",0.0011854879718187
"RLX_mafigi_AC216705-13396",0.00117981726887288
"DTA_ZM00251_consensus",0.00117291579303755
"RLX_ilyl_AC196209-163",0.00117157207883793
"RLX_juta_AC190498-2318",0.00116033695647211
"DTM_Zm10339_AC191267-1",0.00115604506263445
"RLG_mywur_AC197359-5559",0.00115409007879454
"RLG_huck_AC212331-11708",0.00115061258122441
"DTA_ZM00343_consensus",0.00114881744324912
"RLX_bs1_AC208724-10016",0.00114076524065098
"DTA_ZM00328_consensus",0.00113836436295037
"DTM_Zm05916_AC211649-1",0.00113736440796617
"RLG_ivuk_AC194103-3869",0.00113459830709242
"DTA_ZM00323_consensus",0.00111637271031643
"DTH_ZM00168_consensus",0.00111052931579048
"DTC_ZM00016_consensus",0.00110754004186741
"DTM_Zm17880_AC193398-3",0.00110538162210509
"DTA_ZM00287_consensus",0.00109745807153612
"DTA_ZM00202_consensus",0.00109591546906035
"DTA_ZM00218_consensus",0.00109424060802737
"RLX_ewot_AC210077-10573",0.00109309640911147
"RLG_sawujo_AC193398-3610",0.00109105452442562
"DTA_ZM00197_consensus",0.00108735129888304
"DTM_Zm10723_AC196159-1",0.00108683409710197
"DTC_ZM00084_consensus",0.00108651182337606
"DTM_Zm25481IC_AC203285-1",0.00108146021183364
"DTA_ZM00103_consensus",0.00107314231210392
"RLG_uwuw_AC198589-6052",0.00106659644257416
"RLC_erev_AC194741-136",0.00106519200657241
"RLG_bobeg_AC193485-3670",0.00106471483022528
"DTT_ZM00002_consensus",0.00106017288654209
"RLX_okur_AC194642-135",0.00105760511966049
"RIL_cin4_AC210188-0",0.0010531567432979
"RLG_rimaar_AC197236-5493",0.00104727089657783
"RLC_anar_AC206985-9422",0.00104242353277157
"DTA_ZM00248_consensus",0.00102610802040001
"DTH_ZM00055_consensus",0.00102564129322761
"DTA_ZM00188_consensus",0.00102248104624238
"DTC_ZM00002_consensus",0.0010193158184489
"RLX_dala_AC216254-13336",0.00101910645950556
"DTM_Zm06456_AC194253-1",0.00101086341541347
"RLX_epom_AC196256-5041",0.00100275474327854
"DTA_ZM00137_consensus",0.00100121371487209
"DTA_ZM00124_consensus",0.00100090176697055
"RLX_nana_AC209373-10202",0.000991707998530281
"RLC_ubep_AC210005-10539",0.000987121986611863
"DTA_ZM00079_consensus",0.000986353282439971
"DTA_ZM00085_consensus",0.00098430323104812
"DTC_ZM00068_consensus",0.000981209327789765
"RLX_alaw_AC197914-166",0.000965082465382541
"RLX_kahowu_AC205018-178",0.000963522561185039
"DTA_ZM00361_consensus",0.000950676323972884
"DTT_ZM00049_consensus",0.000944479876718771
"DTA_ZM00241_consensus",0.000930855070326765
"DTC_ZM00012_consensus",0.000929586206348936
"DTA_ZM00327_consensus",0.000928740910993589
"DTA_ZM00196_consensus",0.000920353446757435
"DTC_ZM00006_consensus",0.000912303467337773
"DTH_ZM00037_consensus",0.000910045423005414
"RLG_prem1_AC200105-6751",0.000909571415520774
"DTC_ZM00010_consensus",0.000907426825645009
"DTM_Zm14961_AC204776-1",0.000907060944382746
"DTA_ZM00304_consensus",0.000904662545300655
"DTA_ZM00187_consensus",0.000900581117231142
"DTA_ZM00262_consensus",0.000898401616283076
"DTH_ZM00382_consensus",0.000891177852913441
"DTM_Zm06948_consensus",0.000890743265132108
"DTA_ZM00064_consensus",0.000890211762455014
"DTA_ZM00144_consensus",0.000887743246776682
"DTA_ZM00319_consensus",0.000880645595181278
"DTH_ZM00347_consensus",0.000874501740239483
"RLG_rowi_AC203429-7862",0.000871723848429883
"RLC_onal_AC186648-1594",0.000870637131604209
"RLX_tisy_AC193518-123",0.000868196574776684
"DTA_ZM00111_consensus",0.000858760385566921
"DTH_ZM00453_consensus",0.000856988492903025
"RLG_wyly_AC198779-6150",0.00085547932104025
"RLG_kubi_AC195480-4624",0.000854712253155477
"DTT_ZM00048_consensus",0.000851782045655546
"DTH_ZM00395_consensus",0.000850649597536413
"RLX_gotur_AC201794-7086",0.000850031685172603
"RLG_boja_AC200053-6723",0.000849275157738275
"DTA_ZM00276_consensus",0.000848876760741287
"DTM_Zm33225IC_AC186510-1",0.000847903714381205
"DTA_ZM00335_consensus",0.000843952054946676
"DTA_ZM00315_consensus",0.000843892299016295
"DTM_Zm17860_AC184871-1",0.000842212042765462
"DTA_ZM00108_consensus",0.000838800754654106
"DTM_Zm18059_AC186819-1",0.00083856158289484
"DTM_Zm08959_AC199876-1",0.000826205888566994
"DTA_ZM00167_consensus",0.00082523535078297
"DTH_ZM00291_consensus",0.000823782069985873
"DTM_Zm10271_AC186904-1",0.000805420627679442
"DTM_Zm12110_AC207526-1",0.000803344548643358
"RLC_bote_AC211535-11252",0.000800438772803246
"RLX_neafu_AC185666-1261",0.000794409548761625
"DTM_Zm03788_AC184173-1",0.000792697899852289
"DTC_ZM00125_consensus",0.000789239463829779
"DTM_Zm32353_AC204762-1",0.000784409139969597
"RLC_yrer_AC198936-6221",0.000781923591639532
"RLX_vedi_AC198992-6258",0.000781788586959689
"RST_AU_consensus-0",0.000774320855873739
"DTA_ZM00102_consensus",0.000773594845589149
"DTT_ZM00001_consensus",0.000770655020387822
"DTM_Zm33211_AC210532-1",0.000767683502120287
"DTA_ZM00339_consensus",0.000758544500809584
"DTM_Zm01472_AC185516-1",0.000758283445519401
"DTA_ZM00358_consensus",0.00075784467893736
"DTC_ZM00031_consensus",0.000757804897075022
"DTH_ZM00236_consensus",0.000756423338400978
"DTC_ZM00047_consensus",0.000753236593592892
"DTM_Zm33203_AC183914-1",0.000751575429767994
"RLC_muekeh_AC184787-871",0.000748762578265441
"DTM_Zm12576_AC196989-1",0.000746151575120844
"RLX_jupek_AC208518-9894",0.000745995995870952
"DTM_Zm02275_consensus",0.00073077949860497
"DTM_Zm33228_AC197348-1",0.000730183186981328
"DTM_Zm33212_AC204930-1",0.000719564360722268
"RLX_wiolus_AC210058-10567",0.000713932460061594
"DTM_Zm22986_AC206272-1",0.000706092243201203
"DTA_ZM00270_consensus",0.000702425222804325
"RLX_rijuep_AC188965-2150",0.000701714659398494
"DTM_Zm30706_AC211930-1",0.000698005077106909
"DTA_ZM00005_consensus",0.000690227404981685
"DTT_ZM00023_consensus",0.000683797879962274
"DTH_ZM00451_consensus",0.000683154629965637
"DTA_ZM00180_consensus",0.000678923251809619
"RLX_nakuuv_AC199045-169",0.000673421284107823
"DTH_ZM00124_consensus",0.000662130090331728
"RLX_mopin_AC187657-153",0.000660794971440583
"DTH_ZM00485_consensus",0.000658915167415272
"DTH_ZM00367_consensus",0.00065861615908156
"DTT_ZM00038_consensus",0.000657488707031756
"DTM_Zm33223_AC208969-1",0.000654489740471943
"RLX_small_AC217574-13522",0.000652515693251903
"RLX_uluil_AC185306-17",0.000644125006815149
"DTA_ZM00146_consensus",0.000644026131872269
"DTH_ZM00324_consensus",0.000642152284330645
"RLX_uvis_AC197719-164",0.000630912672604424
"DTH_ZM00140_consensus",0.000626841645664229
"RLC_huta_AC210008-10542",0.00061717395146324
"RLX_ewigyw_AC185312-18",0.000612330837090829
"DTA_ZM00115_consensus",0.000611906806658769
"DTA_ZM00290_consensus",0.000610063778744619
"RLC_ubel_AC194376-4060",0.00060842120163394
"DTA_ZM00142_consensus",0.000607320321536243
"RLC_uloh_AC209080-10120",0.000601017902067345
"DTH_ZM00206_consensus",0.000598145431700581
"DTA_ZM00164_consensus",0.000597265652654712
"RLG_bosohe_AC185471-1125",0.000597235819952943
"DTA_ZM00225_consensus",0.000594858473732789
"DTC_ZM00085_consensus",0.000585609272489066
"RLX_oviis_AC209739-10346",0.000583769738850526
"DTA_ZM00385_consensus",0.00057904901214372
"DTA_ZM00089_consensus",0.000576450260581469
"DTH_ZM00388_consensus",0.000569379008184215
"DTA_ZM00288_consensus",0.00056658143307003
"DTA_ZM00384_consensus",0.000565700771288897
"RLX_tojena_AC187554-1910",0.000561241176942238
"DTA_ZM00324_consensus",0.000555656410070863
"RLX_jakek_AC185468-151",0.00055563919332092
"DTA_ZM00159_consensus",0.00055093224667305
"DTM_Zm06094_AC207124-1",0.000541621612781386
"DTH_ZM00218_consensus",0.00053670039984414
"DTA_ZM00340_consensus",0.000534418800141275
"RLX_small_AC195943-142",0.000526362404434616
"RLX_pope_AC205335-180",0.000525520376966911
"DTA_ZM00168_consensus",0.000525478015271049
"DTA_ZM00183_consensus",0.000520748166261124
"DTA_ZM00190_consensus",0.000518177688645895
"DTA_ZM00211_consensus",0.000515095844840003
"DTA_ZM00247_consensus",0.000510787708636276
"RLC_depuw_AC208349-9837",0.000509465152994855
"DTC_ZM00043_consensus",0.000503524350362993
"DTC_ZM00052_consensus",0.000502381236967652
"DTH_ZM00325_consensus",0.00049995721521489
"DTM_Zm19358_AC198478-1",0.000495181928067375
"DTH_ZM00052_consensus",0.000490180542930025
"DTM_Zm33206_AC209693-1",0.000486789210355463
"DTA_ZM00082_consensus",0.000485267205703484
"RLX_ruwi_AC204382-8227",0.000484595739106944
"DTA_ZM00132_consensus",0.000474971239568659
"DTH_ZM00153_consensus",0.00045212878070877
"DTA_ZM00221_consensus",0.000449507276199006
"DTH_ZM00270_consensus",0.000447854111752172
"RLG_uwew_AC187787-1947",0.000447831178488103
"DTM_Zm08412_AC199539-1",0.000444856596903071
"DTH_ZM00181_consensus",0.000434583039912638
"RLX_lyna_AC194093-3868",0.00042783837056857
"DTH_ZM00374_consensus",0.000426716937371782
"DTH_ZM00039_consensus",0.000425597796959217
"DTH_ZM00368_consensus",0.000425124966379388
"DTM_Zm21197_consensus",0.000413282861708999
"DTA_ZM00374_consensus",0.000413184365432801
"DTH_ZM00050_consensus",0.000411549132957579
"DTA_ZM00057_consensus",0.00040065331476377
"DTH_ZM00479_consensus",0.000397898625609437
"DTA_ZM00220_consensus",0.000394746316331048
"DTH_ZM00042_consensus",0.000391056213311723
"DTH_ZM00048_consensus",0.000385477297022988
"DTM_Zm10163_AC191604-1",0.000378634479063576
"DTA_ZM00149_consensus",0.000378583609255603
"RLX_raga_AC204541-8305",0.000377971216466748
"DTA_ZM00357_consensus",0.000373667581275614
"DTA_ZM00347_consensus",0.000370048026086587
"DTA_ZM00326_consensus",0.000366023824418093
"DTM_Zm28013_AC199567-1",0.000364647288032263
"DTA_ZM00226_consensus",0.000363229121616228
"DTA_ZM00336_consensus",0.000362853064272702
"DTM_Zm33216_AC197010-1",0.000362000351122289
"DTA_ZM00280_consensus",0.000360915117518216
"DTA_ZM00249_consensus",0.000360194199379124
"RLC_ebel_AC211737-11397",0.000355357656980877
"RLX_wiru_AC210670-10789",0.000353990795696516
"DTM_Zm18028_consensus",0.000352223295637733
"DTM_Zm27984_AC204868-1",0.000351028522120738
"DTC_ZM00070_consensus",0.000350898023922916
"DTH_ZM00045_consensus",0.000340587419087446
"RST_ZmSINE3_consensus-0",0.000337005571195615
"RLC_naasuj_AC211569-11281",0.000334297648760336
"DTA_ZM00105_consensus",0.000332440680614579
"DTT_ZM00028_consensus",0.000331217691213066
"DTH_ZM00056_consensus",0.000325606135243252
"DTA_ZM00362_consensus",0.000320824284631809
"DTM_Zm31138_AC184695-1",0.000320753832891851
"DTH_ZM00211_consensus",0.000318744357068732
"RLX_muusi_AC190834-92",0.000318505788459802
"DHH_Hip1_15",0.000317486237849246
"DTA_ZM00091_consensus",0.000316960383321567
"RLC_uhun_AC200619-6943",0.000315404383276928
"DTA_ZM00181_consensus",0.00031433353398189
"DTT_ZM00036_consensus",0.000313587962027476
"DTA_ZM00215_consensus",0.000311397816252395
"DTM_Zm33213_AC206876-1",0.000309132103787395
"DTA_ZM00145_consensus",0.000305020690158583
"DTA_ZM00292_consensus",0.000297106190463502
"DTH_ZM00246_consensus",0.000296709628403014
"DTM_Zm00346_AC182611-1",0.00029613349969803
"DTM_Zm05901_AC190666-1",0.00029012382833225
"DTH_ZM00220_consensus",0.000288992057589173
"DTA_ZM00245_consensus",0.00028834159694393
"RLX_mijuw_AC190986-101",0.000285214723514917
"RLG_gylu_AC188833-2139",0.000280601896012933
"DTT_ZM00040_consensus",0.0002783702261292
"DTC_ZM00023_consensus",0.000277230839494901
"DTM_Zm33226_AC202438-1",0.000273403075141733
"RLX_niypo_AC191087-2935",0.000272224757066151
"RLX_mewu_AC186332-152",0.000271265727333831
"RLC_kuvi_AC207807-9734",0.000271001955141638
"DTH_ZM00071_consensus",0.000270669701671955
"DTA_ZM00157_consensus",0.000268902776167785
"DTA_ZM00150_consensus",0.00026364115753158
"RLX_urogor_AC186334-1406",0.000262235315390155
"RLG_ewiut_AC194106-3871",0.000256721095023803
"DTA_ZM00387_consensus",0.000245693399256098
"DTC_ZM00096_consensus",0.00024463868871035
"DTM_Zm33227IC_AC208221-1",0.000242549254436066
"DTA_ZM00382_consensus",0.000238862368344813
"DTM_Zm33233_AC206057-1",0.000236941693141964
"RLX_bawigu_AC208532-9902",0.000236198628444139
"DTA_ZM00246_consensus",0.000227307616522916
"DTH_ZM00193_consensus",0.000225901389332639
"DTH_ZM00096_consensus",0.00022580998435935
"DTH_ZM00424_consensus",0.000222891217987662
"RLX_luteja_AC183974-769",0.000222148028951147
"RLC_ulyg_AC196397-5082",0.000222014684229388
"DTA_ZM00095_consensus",0.000221044602436369
"DTT_ZM00029_consensus",0.000220672677715252
"RLX_jube_AC191704-110",0.000219263940848366
"RLX_epiil_AC190716-83",0.000216751728578392
"DTH_ZM00184_consensus",0.000216515484860129
"DTA_ZM00134_consensus",0.000216174833131353
"DTA_ZM00112_consensus",0.000215090345641319
"DTA_ZM00378_consensus",0.000213693992057504
"DTA_ZM00072_consensus",0.000212465170878727
"DTC_ZM00103_consensus",0.000207745523353317
"DTA_ZM00380_consensus",0.000201687697129849
"DTT_ZM00057_consensus",0.000194984666361518
"DTH_ZM00285_consensus",0.000192518828924206
"DTA_ZM00109_consensus",0.00019219643911951
"DTH_ZM00040_consensus",0.000192010671046134
"DTH_ZM00089_consensus",0.000187814338698202
"DTA_ZM00379_consensus",0.000186412458661095
"RLC_kake_AC186604-1559",0.00018619837059167
"RLC_kuvi_AC207313-9512",0.000185983863678436
"DTA_ZM00260_consensus",0.000185951462981964
"RLX_lenu_AC213984-12443",0.000184019260492114
"DTA_ZM00162_consensus",0.000183652941873273
"DTA_ZM00075_consensus",0.000180766128449465
"DTT_ZM00014_consensus",0.000178880599183492
"DTH_ZM00195_consensus",0.000178241896610166
"DTM_Zm18873_AC215861-1",0.000174875938414805
"RLC_guwo_AC183661-638",0.000172195007785456
"DTA_ZM00330_consensus",0.000171326537614502
"DTM_Zm17123_consensus",0.000163300377979803
"DTA_ZM00285_consensus",0.000162200808356869
"DTA_ZM00377_consensus",0.000161183027525162
"RLX_wuywu_AC190718-2536",0.000160091985198475
"DTH_ZM00011_consensus",0.000155618561855447
"DTH_ZM00391_consensus",0.000155117146686227
"RLX_okoj_AC198787-167",0.00015466914667778
"DTA_ZM00058_consensus",0.000147612236935644
"DTA_ZM00195_consensus",0.000143315064245576
"DTA_ZM00381_consensus",0.000141689094915184
"DTH_ZM00049_consensus",0.000141595480122463
"RLX_vaofen_AC202996-7597",0.000140424573107386
"DTA_ZM00266_consensus",0.000139418280775716
"DTA_ZM00158_consensus",0.00013531424615344
"DTA_ZM00192_consensus",0.00013456977017146
"DTH_ZM00314_consensus",0.000134494574052463
"DTA_ZM00332_consensus",0.000131887667721565
"DTH_ZM00316_consensus",0.000131822245319823
"RLX_elalal_AC211887-11443",0.000131180927765589
"DTA_ZM00306_consensus",0.00012884092493231
"RLG_seuwe_AC210840-10901",0.00012708338891827
"RLC_tufe_AC211502-11228",0.00012657010605789
"DTA_ZM00317_consensus",0.000125796786953743
"DTA_ZM00228_consensus",0.000124597954796956
"DTH_ZM00199_consensus",0.000123649543400277
"RLC_rely_AC199569-6530",0.000122971744195078
"DTA_ZM00070_consensus",0.000121872507980866
"DTA_ZM00232_consensus",0.000121740637162319
"RLX_leso_AC215500-13080",0.00011652496901758
"DTA_ZM00214_consensus",0.000111111508582826
"DTH_ZM00433_consensus",0.000109607927454741
"DTH_ZM00465_consensus",0.000109326081065621
"DTA_ZM00123_consensus",0.000108790254740827
"DTA_ZM00213_consensus",0.000108031280507838
"DTA_ZM00271_consensus",0.00010755215202818
"DTH_ZM00159_consensus",0.000106397620297732
"DTA_ZM00351_consensus",0.000105595109840653
"DTH_ZM00084_consensus",0.000105550106039352
"DTA_ZM00230_consensus",0.000105331793454206
"DTA_ZM00303_consensus",0.000104025258832158
"DTH_ZM00288_consensus",0.000101762445359536
"DTA_ZM00224_consensus",0.0000960068689207681
"DTC_ZM00022_consensus",0.0000948707392673466
"RLC_nene_AC204294-8188",0.0000890621866082617
"RLC_victim_AC183319-577",0.0000890185931124571
"DTA_ZM00329_consensus",0.0000888366977394904
"DTA_ZM00282_consensus",0.0000871759547083094
"DTA_ZM00131_consensus",0.0000870554545084113
"DTH_ZM00023_consensus",0.0000839162302323484
"DTA_ZM00080_consensus",0.0000776645091187818
"DTA_ZM00125_consensus",0.0000757661374960452
"RLG_taro_AC203167-7686",0.000072815639140034
"DTH_ZM00145_consensus",0.0000694769178701481
"DTA_ZM00312_consensus",0.0000690763351946535
"RLC_seko_AC188710-2086",0.0000652680908980189
"DTA_ZM00209_consensus",0.0000624640434228163
"DTA_ZM00154_consensus",0.0000556522646258369
"DTT_ZM00020_consensus",0.0000534792600308843
"DTC_ZM00005_consensus",0.0000518253634396214
"RLC_victim_AC182414-456",0.0000503364394976708
"DTH_ZM00005_consensus",0.0000444782017635555
"DTH_ZM00495_consensus",0.000036027666607058
"DTA_ZM00316_consensus",0.0000347698755617179
"DTC_ZM00059_consensus",0.0000331615551656927
"DTC_ZM00072_consensus",0.000027013205965203
"RLX_owume_AC207119-9459",0.0000254196883198512
"DTA_ZM00099_consensus",0.0000231210300336263
"DTA_ZM00296_consensus",0.0000227359395588782
"DTA_ZM00152_consensus",0.0000204005834416801
"RLX_nabu_AC187471-45",0.000017185133171846
"RLC_ebel_AC210216-10670",0.0000151060635947789
"DTC_ZM00036_consensus",0.00000111690162553863
"RLX_biwa_AC194319-131",0.000000874423973207649
"DTA_ZM00341_consensus",0.00000052355664594953
"DTA_ZM00227_consensus",0
"DTC_ZM00050_consensus",0
"DTC_ZM00078_consensus",0
"DTH_ZM00104_consensus",0
"RLC_gugu_AC193480-120",0
"RLC_hiri_AC187471-44",0
"RLX_adun_AC193506-122",0
"RLX_ajeb_AC188141-66",0
"RLX_baha_AC187214-39",0
"RLX_beboso_AC190260-76",0
"RLX_beva_AC190814-90",0
"RLX_bosovu_AC193480-119",0
"RLX_bula_AC195180-138",0
"RLX_doba_AC190263-77",0
"RLX_efaw_AC190815-91",0
"RLX_etin_AC194319-129",0
"RLX_ewuof_AC188199-68",0
"RLX_fara_AC188142-67",0
"RLX_gate_AC197186-143",0
"RLX_geta_AC187066-33",0
"RLX_guafa_AC188016-60",0
"RLX_guali_AC190263-78",0
"RLX_miva_AC188030-62",0
"RLX_nabu_AC187882-57",0
"RLX_ohag_AC187801-48",0
"RLX_oviil_AC187836-55",0
"RLX_ovys_AC187066-34",0
"RLX_sego_AC188397-69",0
"RLX_tywo_AC187810-53",0
"RLX_vuna_AC193505-121",0
"RLX_wugaab_AC187472-46",0
