"","sort(rowSums(landragg), decreasing = TRUE)"
"Total",102101767
"*",83.557060052
"RLG_xilon-diguus_AC203313-7774",1.847986871
"RLX_osed_AC191084-2931",1.448116626
"RLG_doke_AC197224-5479",0.895913661
"RLC_ji_AC186528-1508",0.869744519
"RLC_giepum_AC211251-11074",0.836227544
"RLX_sari_AC184117-11",0.692009329
"RLC_ji_AC209892-10463",0.593658664
"RLX_sela_AC195130-4415",0.56806964
"RLC_giepum_AC197531-5634",0.502481017
"RLX_milt_AC211742-11402",0.488979947
"DTC_ZM00081_consensus",0.390802085
"RLC_opie_AC210610-10772",0.360606553
"RLG_tekay_AC211245-11065",0.3141458
"RLG_uwum_AC190887-2701",0.28420971
"RLC_neha_AC215285-13046",0.240418997
"RLG_lata_AC191117-2960",0.202756989
"RLX_ubow_AC194933-4355",0.191008141
"RLG_puck_AC208456-9876",0.190369204
"RLX_teki_AC202867-7492",0.183664391
"RLG_grande_AC200214-6803",0.174884645
"RLC_doke_AC186158-1307",0.167363704
"RLC_wiwa_AC191531-3153",0.167079592
"RLG_tekay_AC200856-6996",0.152233909
"RLG_guhis_AC198413-5999",0.146822974
"RLX_iwik_AC203371-7824",0.139537357
"DTC_ZM00101_consensus",0.136789374
"RLG_CRM4_AC206864-9376",0.130415013
"RLG_uwum_AC177933-415",0.127917515
"RLG_uwum_AC213069-12092",0.125613213
"RLX_vegu_AC190718-85",0.115361768
"RLG_cinful-zeon_AC193672-3742",0.109066013
"RLX_CRM2_AC206920-9397",0.098745023
"DTM_Zm00743_AC177943-1",0.096930684
"RLG_pebi_AC207888-9755",0.09404013
"RLC_dijap_AC211466-11198",0.088446818
"RLC_eninu_AC191055-2893",0.081712183
"RLG_gyma_AC212146-11616",0.077508892
"RLG_huck_AC208546-9913",0.074821052
"RLG_prem1_AC206253-9147",0.074658411
"RLX_baso_AC192251-3423",0.07464101
"RLX_naseup_AC196428-5108",0.073476688
"RLC_gudyeg_AC206942-9404",0.072206062
"RLG_xilon-diguus_AC185317-1058",0.070500059
"RLG_cinful-zeon_AC203004-7602",0.067459077
"RLG_ywyt_AC209975-10517",0.066900407
"RLG_prem1_AC186287-1362",0.066326247
"RLX_yreud_AC198385-5976",0.063239096
"DTM_Zm00665_AC184764-1",0.058923626
"DTC_ZM00013_consensus",0.057386419
"RLC_opie_AC201793-7083",0.055218578
"RLX_avahi_AC191363-3084",0.051482808
"RLC_ji_AC195394-4599",0.047007363
"RLC_machiavelli_AC200490-6883",0.045204776
"RLX_milt_AC209648-10275",0.04378013
"RLC_giepum_AC211155-11010",0.041289826
"DTM_Zm00268_AC191380-1",0.041224808
"RLG_gyma_AC189750-2238",0.039706761
"RLC_ji_AC215728-13156",0.039485754
"DTC_ZM00014_consensus",0.03851011
"DTM_Zm00030_AC190592-1",0.037249863
"RLX_hutu_AC210780-10851",0.036755337
"RLX_CRM3_AC200048-6717",0.036700742
"RLX_bene_AC198379-5969",0.035684222
"RLC_fourf_AC202975-7570",0.034930835
"DHH_Hip2_2",0.034628917
"DTM_Zm00628_AC207419-1",0.034128345
"RLG_CRM4_AC201761-7053",0.033932384
"RLG_prem1_AC200740-6986",0.031551026
"DTM_Zm02117_AC177838-1",0.031021271
"RLG_huck_AC208842-10038",0.030683579
"RLG_prem1_AC215184-12949",0.029878603
"DTC_ZM00105_consensus",0.028511371
"RLC_opie_AC198173-5898",0.0274988398
"RLC_stonor_AC212476-11849",0.026876676
"RLG_cinful-zeon_AC198933-6214",0.026215372
"RLX_naiba_AC195481-139",0.025851477
"DTC_ZM00034_consensus",0.025805054
"RLG_flip_AC193970-3791",0.024064398
"DTH_ZM00035_consensus",0.023128701
"DTC_ZM00122_consensus",0.022436948
"RLG_flip_AC208040-9765",0.020480194
"DTC_ZM00028_consensus",0.0202615918
"DTM_Zm02731_AC194595-1",0.020185473
"DHH_Hip2_1",0.019950682
"DTC_ZM00045_consensus",0.019672038
"RLX_wihov_AC205351-8739",0.019053128
"DTC_ZM00106_consensus",0.019037827
"DTM_Zm00364_AC196271-1",0.01863209
"RLX_name_AC197689-5725",0.018218118
"RLG_prem1_AC191715-3282",0.018144168
"RLC_nuhan_AC206272-9161",0.01794626
"RLC_debeh_AC177840-246",0.017850332
"RLG_huck_AC210804-10865",0.017382612
"DTC_ZM00108_consensus",0.017359162
"DTC_ZM00051_consensus",0.017198009
"RLG_puck_AC211927-11478",0.0168833903
"RIL_nubo_AC212389-0",0.016637705
"DTM_Zm07209_AC211743-1",0.016523818
"RLG_flip_AC213672-12280",0.0164553492
"RLX_ruda_AC202870-7495",0.0161068393
"RIL_okor_AC198695-0",0.016097435
"RLG_cinful-zeon_AC211144-11003",0.015856558
"RLG_puck_AC215312-13067",0.0151981991
"DTM_Zm00850_AC186314-1",0.0148932203
"RLX_bumy_AC216354-13379",0.0144582126
"RLG_huck_AC194973-4393",0.0141677895
"DTC_ZM00094_consensus",0.014084407
"DHH_Hip1_26",0.0140054158
"RLC_ibulaf_AC186801-1662",0.0137253352
"DHH_Hip1_1",0.0134237381
"DHH_Hip1_28",0.0128749411
"RLG_prem1_AC201801-7095",0.0127767588
"RLG_cinful-zeon_AC211573-11290",0.0125047253
"DTH_ZM00004_consensus",0.0112013898
"DTC_ZM00015_consensus",0.011181095
"RIL_okor_AC205906-0",0.0110319194
"DTH_ZM00021_consensus",0.0110196527
"DTH_ZM00409_consensus",0.0107974991
"RLG_gyma_AC198939-6228",0.0106898834
"RLX_loukuv_AC197842-5799",0.0105532391
"RLG_bygum_AC188125-2053",0.0104737597
"RIT_colonist_AC209460-0",0.0101172269
"RLC_totu_AC194464-4142",0.0100165388
"DTC_ZM00063_consensus",0.0098765368
"DTA_ZM00283_consensus",0.0098385756
"DTA_ZM00383_consensus",0.0098038939
"DTA_ZM00024_consensus",0.0097804386
"RIL_afeda_AC208414-0",0.0093945644
"RIL_yliij_AC206507-0",0.0093272671
"DTA_ZM00025_consensus",0.0091008799
"RIL_oviev_AC204897-0",0.0086425613
"RIL_gugyve_AC194248-0",0.0086401449
"RLX_ruda_AC195952-4839",0.0085157269
"DTC_ZM00107_consensus",0.0084959721
"RIL_jikeuf_AC211152-0",0.0082663357
"RLC_donuil_AC196196-5026",0.0082494121
"DTC_ZM00038_consensus",0.0081907789
"RIL_loneok_AC193379-0",0.0080100477
"DTA_ZM00373_consensus",0.0080013921
"RLG_xilon-diguus_AC195486-4629",0.007907258
"DTA_ZM00254_consensus",0.007833608
"RLG_prem1_AC184142-802",0.0078162976
"DTH_ZM00032_consensus",0.0077888519
"DTM_Zm00473_AC191070-1",0.0077630136
"DTA_ZM00041_consensus",0.0077559976
"DTA_ZM00169_consensus",0.0076349275
"DTC_ZM00030_consensus",0.0074734415
"RIL_ekeje_AC197537-0",0.0072219686
"RLC_bihar_AC195875-4766",0.0071801792
"RLX_defub_AC191393-106",0.0069785041
"RLG_gyte_AC207411-9568",0.0069260564
"RLX_ugymos_AC182443-149",0.0068950731
"RIL_keneat_AC209697-0",0.0068386275
"RLG_cinful-zeon_AC215255-13029",0.0068173155
"RLC_opie_AC185480-1137",0.0067811265
"DTM_Zm03556_AC177900-1",0.0067697828
"RIL_koajav_AC205853-0",0.0066930345
"RLX_hiimam_AC207734-9687",0.0066588221
"DTH_ZM00412_consensus",0.006619591
"RIL_leijoh_AC212369-0",0.0065967822
"RLC_hesa_AC204349-8207",0.0065524977
"RIL_etiti_AC211734-0",0.0065424748
"RLG_huck_AC213612-12218",0.0065327796
"RLX_tuteh_AC183372-584",0.0064996454
"RIT_jare_AC204843-0",0.0064673805
"DTH_ZM00471_consensus",0.0063748661
"RLC_opie_AC211653-11340",0.0063732907
"DTH_ZM00385_consensus",0.0063495704
"DTH_ZM00018_consensus",0.0063053339
"DTA_ZM00035_consensus",0.0062641947
"RLX_kawivo_AC186793-30",0.0062005616
"RLC_ji_AC204382-8228",0.0061202975
"RLG_gyma_AC206653-9288",0.0060957996
"DTA_ZM00027_consensus",0.0060808288
"RST_ZmSINE2_1_consensus-0",0.0060193192
"DTA_ZM00229_consensus",0.0059562545
"DTM_Zm02661_AC177816-1",0.0058310659
"RIL_ejoet_AC212216-0",0.00575649273
"DTC_ZM00093_consensus",0.0057221131
"DTM_Zm02785_AC190936-1",0.0057102066
"RLG_gyma_AC190530-2365",0.0056751798
"DTH_ZM00051_consensus",0.005670387
"RIL_edaej_AC215611-0",0.0056506442
"RLX_kahoba_AC186618-29",0.0056351172
"DTA_ZM00012_consensus",0.0056030448
"RLC_raider_AC209705-10304",0.0055421024
"DTH_ZM00012_consensus",0.0053984497
"RLG_gyma_AC197250-5506",0.0053522656
"RIL_nugimu_AC203843-0",0.0053353192
"DTA_ZM00033_consensus",0.0053131799
"DTA_ZM00026_consensus",0.0052680585
"DTA_ZM00217_consensus",0.0052588887
"RLG_prem1_AC212325-11702",0.005209152
"RLG_ewib_AC198384-5975",0.0051958442
"DTA_ZM00179_consensus",0.0051560557
"RLC_ebel_AC213044-12072",0.0050723499
"DTA_ZM00028_consensus",0.0050425158
"RLX_ojah_AC184792-875",0.0049931956
"DTA_ZM00023_consensus",0.00496616
"DTM_Zm00257_consensus",0.0049378038
"DTM_Zm01468_AC186160-1",0.0048987389
"DTA_ZM00231_consensus",0.0048208051
"DTA_ZM00346_consensus",0.0047974309
"RLG_apil_AC198662-6085",0.0047698953
"RLG_ubid_AC210086-10583",0.0047430305
"RLX_uwub_AC195372-161",0.0047262495
"RIL_totyru_AC203014-0",0.0046807659
"DTC_ZM00060_consensus",0.0045878074
"DTH_ZM00025_consensus",0.0045869093
"DTA_ZM00182_consensus",0.0045812645
"RLG_bosohe_AC205838-9025",0.0045534899
"RIL_ijij_AC200508-0",0.0045439685
"DTC_ZM00025_consensus",0.0045050926
"DTH_ZM00057_consensus",0.0044130417
"DTA_ZM00186_consensus",0.0044042694
"DTT_ZM00012_consensus",0.0043675768
"DTH_ZM00058_consensus",0.0043455547
"DTA_ZM00153_consensus",0.0042737651
"RLG_dagaf_AC182835-556",0.0042091146
"RLG_laiwa_AC214288-12602",0.0041231433
"RLC_ahov_AC193643-3726",0.00409705
"RST_ZmSINE2_3_consensus-0",0.0040913877
"DTM_Zm02703_AC177838-1",0.0040643904
"DTT_ZM00011_consensus",0.0040563388
"DTH_ZM00410_consensus",0.0040034329
"DTH_ZM00292_consensus",0.0040017814
"DTA_ZM00034_consensus",0.0039946189
"RLG_nopip_AC188036-2052",0.0039643754
"RLG_cinful-zeon_AC191398-3106",0.0039572944
"RLC_ji_AC211489-11215",0.00394926288
"DTC_ZM00089_consensus",0.0039390141
"DTH_ZM00431_consensus",0.0039351322
"RLX_lamyab_AC208713-10008",0.0039018125
"DTA_ZM00022_consensus",0.0038978318
"DTH_ZM00127_consensus",0.00389122129
"DTA_ZM00016_consensus",0.003830728
"DTH_ZM00003_consensus",0.0037007673
"DTA_ZM00037_consensus",0.0036893661
"RIL_odoif_AC210308-0",0.0036887634
"DTM_Zm00614_AC192252-1",0.0036860854
"RST_ZmSINE2_2_consensus-0",0.0036844942
"DTT_ZM00055_consensus",0.0036603431
"DTA_ZM00121_consensus",0.0036203268
"DTA_ZM00004_consensus",0.0036099004
"RLX_ukov_AC204842-177",0.0035712738
"RLX_yraj_AC205486-8834",0.0035290492
"DTH_ZM00020_consensus",0.0035208028
"RIL_otiot_AC206557-1",0.0035004579
"DTH_ZM00489_consensus",0.0034853155
"RLC_ebel_AC188777-2128",0.0034817365
"RLG_udav_AC196188-5022",0.0034774406
"RLC_ebel_AC195143-4427",0.0034762873
"DHH_Hip7_1",0.003463107
"RLC_tata_AC205418-8792",0.00345535088
"RIL_udag_AC207804-0",0.0034509359
"DTC_ZM00062_consensus",0.0034127018
"DTM_Zm08178_AC186417-1",0.0033988853
"RLC_labe_AC203760-7937",0.0033824828
"DTA_ZM00261_consensus",0.0033280701
"DTA_ZM00019_consensus",0.0033160705
"DTA_ZM00106_consensus",0.0033049599
"DTA_ZM00013_consensus",0.0033045286
"DHH_Hip5_12",0.0032978427
"DTA_ZM00263_consensus",0.00329360698
"RIL_pyelum_AC203928-0",0.0032890407
"DTH_ZM00054_consensus",0.00325272642
"RLX_vusu_AC187081-1751",0.003204631
"RLC_bovo_AC197547-5647",0.00320401115
"RLG_lyruom_AC185669-1267",0.0031979012
"DTH_ZM00062_consensus",0.003196069
"DHH_Hip2_45",0.0031832406
"RLC_opie_AC187207-1792",0.003179861
"DTM_Zm02947_AC197071-1",0.0031770624
"RLC_nitat_AC190618-2442",0.0031651178
"RLC_fehod_AC184774-851",0.0031588383
"DTA_ZM00172_consensus",0.0031430273
"RLG_satulo_AC197006-5311",0.0031388402
"DTH_ZM00017_consensus",0.0031069307
"RLC_tatu_AC212076-11563",0.0031063802
"DTT_ZM00056_consensus",0.0030962623
"RLX_onub_AC190523-2356",0.00309391928
"DHH_Hip1_43",0.0030852317
"DTH_ZM00350_consensus",0.0030740692
"RLG_lowy_AC190530-2366",0.00304461515
"DTC_ZM00065_consensus",0.0030145645
"DTH_ZM00202_consensus",0.0030051667
"DTC_ZM00017_consensus",0.0029890002
"RLC_hani_AC186285-1359",0.0029854842
"DHH_Hip1_5",0.0029788907
"RLG_bosohe_AC212057-11553",0.00297505888
"RLG_kase_AC212771-11956",0.002968601
"DTA_ZM00038_consensus",0.0029565432
"DTC_ZM00044_consensus",0.00292851191
"RLG_udokup_AC210420-10735",0.00292462219
"RLG_flip_AC203163-7675",0.0029228549
"DTA_ZM00059_consensus",0.0029110283
"DTC_ZM00077_consensus",0.0028948065
"DTH_ZM00014_consensus",0.0028836327
"RLC_iseb_AC207352-9544",0.0028716856
"DTA_ZM00010_consensus",0.0028668946
"DTT_ZM00037_consensus",0.0028611363
"DTH_ZM00351_consensus",0.0027698991
"DTA_ZM00098_consensus",0.0027651464
"RLG_nasi_AC205509-8857",0.0027597655
"RLC_sofi_AC215261-13035",0.0027543939
"RLG_dadeir_AC201957-7187",0.00275381475
"DTA_ZM00017_consensus",0.00274317352
"DTH_ZM00418_consensus",0.0026931427
"RLC_wamenu_AC191287-3028",0.002687404
"DTT_ZM00046_consensus",0.0026867737
"DTM_Zm04817_AC194407-1",0.002678726
"DTA_ZM00160_consensus",0.0026760225
"DTH_ZM00358_consensus",0.00264505575
"RLC_homy_AC197914-5822",0.0026439803
"DTH_ZM00093_consensus",0.0026254033
"DTH_ZM00044_consensus",0.0026151021
"DTA_ZM00009_consensus",0.0026112838
"RLG_amiin_AC191769-3319",0.0026097729
"DTA_ZM00133_consensus",0.0026094003
"DTH_ZM00019_consensus",0.0025863137
"DTH_ZM00249_consensus",0.00257617714
"DTA_ZM00063_consensus",0.0025739853
"DTH_ZM00118_consensus",0.002570324
"DTH_ZM00276_consensus",0.0025531549
"DTC_ZM00113_consensus",0.0025506061
"DTM_Zm00299_consensus",0.0025264623
"DTA_ZM00020_consensus",0.00252554755
"RLC_urum_AC198861-6159",0.00252136782
"DTA_ZM00002_consensus",0.0025076815
"DTA_ZM00264_consensus",0.00248963729
"RLC_ajajog_AC191578-3186",0.0024329189
"RLG_fege_AC205532-8884",0.0024236784
"DTA_ZM00207_consensus",0.0024149047
"DTH_ZM00027_consensus",0.00241382206
"DTC_ZM00027_consensus",0.00241138161
"DTH_ZM00029_consensus",0.00240826128
"RLX_afuv_AC186332-26",0.0023890144
"DTM_Zm00266_consensus",0.0023762276
"RLG_gati_AC195589-4669",0.00237581481
"DTH_ZM00090_consensus",0.00236115705
"DTH_ZM00001_consensus",0.0023609749
"DHH_Hip6_2",0.00233112769
"DTM_Zm04488_AC195819-1",0.0023257874
"RLG_sowu_AC215679-13136",0.0023099434
"DTH_ZM00364_consensus",0.0023005011
"DTH_ZM00022_consensus",0.0022934198
"DTM_Zm15648_AC201970-1",0.002293172
"DTA_ZM00299_consensus",0.0022597201
"DTA_ZM00155_consensus",0.00223398924
"RLG_ahoru_AC187284-1845",0.00223343365
"DTC_ZM00092_consensus",0.00222810319
"DTM_Zm18165_AC204287-1",0.00222786931
"RLC_afad_AC199807-6594",0.00222743174
"RIL_naefe_AC212820-0",0.00222739782
"DTH_ZM00013_consensus",0.00220848813
"DTM_Zm06136_AC196794-1",0.00220454541
"RLG_iwim_AC203300-7761",0.00218832707
"DTH_ZM00326_consensus",0.00217160761
"DTM_Zm00118_consensus",0.00217056504
"DTH_ZM00335_consensus",0.00216743242
"DTA_ZM00018_consensus",0.00216400397
"DTA_ZM00314_consensus",0.0021586163
"DTA_ZM00322_consensus",0.0021470733
"DTA_ZM00036_consensus",0.00214666378
"RLG_ovikoh_AC200886-1-999999",0.00213148633
"DTM_Zm00673_AC187563-1",0.00211790558
"DTH_ZM00320_consensus",0.00210024026
"DTH_ZM00026_consensus",0.0020873301
"RLG_naijaj_AC205556-8907",0.00208526643
"DTH_ZM00162_consensus",0.0020767299
"RLG_cinful-zeon_AC206171-9091",0.00207484911
"DTC_ZM00069_consensus",0.00207449527
"DTC_ZM00095_consensus",0.0020671563
"DTH_ZM00194_consensus",0.00203446349
"DTC_ZM00091_consensus",0.00202284352
"DTH_ZM00119_consensus",0.00201118823
"DTA_ZM00141_consensus",0.00200882575
"DTC_ZM00057_consensus",0.00200367303
"DTA_ZM00234_consensus",0.00199553169
"DTH_ZM00163_consensus",0.00197318669
"DTM_Zm00555_consensus",0.0019598051
"RLG_dagaf_AC195302-4533",0.00195785059
"DTA_ZM00007_consensus",0.00195250907
"RLG_wuwe_AC212122-11600",0.00195222951
"DTA_ZM00039_consensus",0.00194161085
"DTA_ZM00166_consensus",0.00194032294
"RLG_bogu_AC196148-4995",0.00192981843
"DTA_ZM00199_consensus",0.00192091996
"DTM_Zm09664_AC195786-1",0.00192028202
"RLG_ulik_AC205416-8790",0.00189972516
"DTA_ZM00139_consensus",0.00189594437
"DTA_ZM00126_consensus",0.00188605473
"DTA_ZM00313_consensus",0.00188310705
"DTA_ZM00088_consensus",0.00187963577
"DTA_ZM00156_consensus",0.00187393329
"DTA_ZM00258_consensus",0.00187295033
"RLX_fajy_AC190874-2682",0.0018725573
"DTH_ZM00311_consensus",0.00186536939
"RLC_huti_AC197153-5449",0.00186001139
"RLX_joemon_AC177891-147",0.00184948702
"DTA_ZM00265_consensus",0.00184788436
"DTM_Zm02066_AC183508-1",0.00184217167
"DTH_ZM00160_consensus",0.00182463946
"DTA_ZM00071_consensus",0.00182361132
"DTA_ZM00014_consensus",0.00182103482
"RLG_ewib_AC207533-9599",0.00180965865
"RLG_bosohe_AC205330-8724",0.00180907054
"RLX_utar_AC212228-11664",0.00180894267
"DTT_ZM00021_consensus",0.00180840275
"DTH_ZM00024_consensus",0.00179785771
"DTC_ZM00110_consensus",0.00179525224
"RLG_awuhe_AC190897-2710",0.00178689205
"RLX_demo_AC202036-173",0.00178392324
"RLX_buire_AC194484-4158",0.00178185013
"RLG_bosohe_AC191654-3248",0.00177888923
"RLC_jelat_AC194217-3960",0.00177861092
"DTA_ZM00030_consensus",0.00176895471
"DTA_ZM00021_consensus",0.0017653352
"DTH_ZM00241_consensus",0.0017642764
"DTC_ZM00026_consensus",0.00176235762
"RLC_vuijon_AC194895-4312",0.00175281849
"DTH_ZM00135_consensus",0.00175280316
"RLX_odip_AC216266-13348",0.00175145984
"RLG_bobobo_AC201919-7182",0.00174160409
"DTC_ZM00083_consensus",0.00173256913
"RLC_giream_AC204000-8116",0.00171496285
"DTA_ZM00140_consensus",0.00171149272
"DTA_ZM00366_consensus",0.00169948693
"RLX_ovev_AC199878-6641",0.00169412773
"DTH_ZM00180_consensus",0.00168881594
"RLG_ojam_AC198400-5989",0.00168778495
"DTH_ZM00016_consensus",0.00168434376
"RLG_abiri_AC203571-7891",0.00168188919
"DTA_ZM00165_consensus",0.00167949902
"DTM_Zm00851_AC186342-1",0.00166950742
"DTH_ZM00327_consensus",0.00165594828
"RLX_bori_AC190960-100",0.00163797582
"RLC_lafa_AC205893-9045",0.00163785086
"RLX_hoda_AC193645-3730",0.00161268308
"DTA_ZM00289_consensus",0.0016110513
"RLX_etug_AC187099-1770",0.00160144657
"RLG_rufefu_AC193384-3596",0.00159248554
"RLX_maono_AC208340-9832",0.00159184218
"RLC_hera_AC214536-12775",0.00158849266
"RLC_owiit_AC196151-4998",0.00157780215
"DTA_ZM00286_consensus",0.00157591991
"RLG_soger_AC204598-8342",0.00157184115
"DTA_ZM00208_consensus",0.00157033974
"RLC_gekog_AC203828-7984",0.00156866123
"DTC_ZM00061_consensus",0.00153646092
"DTA_ZM00256_consensus",0.00152020091
"RLG_wemu_AC204680-8396",0.00150846048
"DTH_ZM00114_consensus",0.00150731484
"RLG_notu_AC200254-6827",0.00150103371
"DTM_Zm00197_AC185211-1",0.00149341686
"DTA_ZM00300_consensus",0.00147953251
"RLG_bosohe_AC190752-2561",0.00147654741
"DTM_Zm05382_AC195362-1",0.00146966225
"DTA_ZM00184_consensus",0.0014599602
"RLC_hopscotch_AC209396-10229",0.00145090898
"DTM_Zm06455_AC195585-1",0.00144492032
"RLG_kubi_AC196180-5016",0.00143986183
"DTC_ZM00056_consensus",0.00143140877
"RLG_guwiot_AC207006-9429",0.00143054789
"RLG_lywy_AC194967-4386",0.00142154416
"RLG_fuved_AC204055-8151",0.00141465983
"RLG_umojev_AC204420-8262",0.00141252564
"RLC_omud_AC203533-7881",0.00140634433
"RLG_moorud_AC199961-6697",0.00140154948
"RLG_piube_AC183505-603",0.00140017851
"DTA_ZM00048_consensus",0.00138028237
"DTH_ZM00030_consensus",0.00137931222
"DTC_ZM00109_consensus",0.00137567028
"RLG_oguod_AC209724-10327",0.00137362665
"RIL_ogepy_AC198740-0",0.00137315534
"DTA_ZM00237_consensus",0.00136958909
"RLG_magellan_AC194897-4313",0.00136543082
"DTH_ZM00034_consensus",0.00136357888
"RLG_mufeub_AC194206-3950",0.00136317538
"DTA_ZM00067_consensus",0.00135911323
"RLX_pibo_AC201915-172",0.00134294906
"RLC_ajit_AC191382-3096",0.0013372895
"DTA_ZM00015_consensus",0.00132005657
"DTA_ZM00274_consensus",0.00131426342
"DTM_Zm33208_AC195911-1",0.00130521033
"DTA_ZM00001_consensus",0.00130303396
"RLG_weaniv_AC196414-5097",0.00129854391
"RLG_yvoj_AC215638-13124",0.001295627258
"RLG_upus_AC200875-7012",0.00127149249
"RLC_janoov_AC209690-10294",0.00126866185
"RLC_tiwe_AC187032-1709",0.00126640614
"DTM_Zm13526_AC198651-1",0.00126263698
"DTM_Zm33209_AC185668-1",0.00126216567
"RLG_nakovu_AC206324-9191",0.00125050728
"DTH_ZM00361_consensus",0.00124619713
"DTA_ZM00084_consensus",0.00123896107
"RLG_dabe_AC212399-11783",0.00123477104
"DTA_ZM00242_consensus",0.00122965637
"RLG_vufi_AC198989-6257",0.00122941337
"DTM_Zm00800_consensus",0.00122595407
"DTA_ZM00210_consensus",0.00122372675
"RIL_rebaew_AC210723-0",0.0012231771
"DTA_ZM00356_consensus",0.00121977537
"RLX_daju_AC190492-79",0.0012193172
"RLG_grande_AC197914-5823",0.00121358026
"DTA_ZM00006_consensus",0.00120932388
"RLC_nowuv_AC215510-13095",0.00120724313
"RLG_bomevy_AC195138-4424",0.00120538235
"RLG_ikal_AC190798-2599",0.00120083612
"DTH_ZM00340_consensus",0.00119281575
"DTA_ZM00277_consensus",0.0011886485
"RLG_waepo_AC190953-2782",0.0011828568
"RLG_maro_AC204359-8211",0.00117960892
"DTA_ZM00151_consensus",0.00117080024
"DTA_ZM00114_consensus",0.001165559
"RLG_dagaf_AC208646-9966",0.0011638278
"DTM_Zm33205_AC203276-1",0.00115691997
"DTM_Zm14377_AC199567-1",0.00115547796
"RLX_habu_AC195917-4802",0.00114387406
"RLX_arar_AC208428-9858",0.0011378517
"RLC_lusi_AC198175-5903",0.001136305755
"DTA_ZM00096_consensus",0.00112869852
"RLC_atop_AC195158-4437",0.00112796314
"DTC_ZM00020_consensus",0.00112521582
"RLC_tiwewi_AC210937-10935",0.00112068671
"RLC_wawo_AC216857-13424",0.0011191852
"DTC_ZM00102_consensus",0.00111353835
"RLG_grande_AC190611-2432",0.00110971172
"RLG_usuf_AC208533-9903",0.00110593697
"RLX_toro_AC197199-5471",0.00110501263
"DTC_ZM00098_consensus",0.00110407016
"RLG_ytub_AC187411-1880",0.00109893511
"RLX_halo_AC205330-8725",0.00109796599
"RLG_uper_AC185487-1151",0.001097889904
"RLX_vora_AC206187-9112",0.00109685848
"RLG_ugano_AC216043-13241",0.00109453601
"DTH_ZM00244_consensus",0.0010802491
"RLG_okopam_AC187789-1948",0.00107741853
"RLG_bogu_AC198870-6180",0.00107385559
"DTA_ZM00259_consensus",0.00106909708
"RLG_bavav_AC208118-9781",0.00106818388
"DTA_ZM00171_consensus",0.00106550806
"DTA_ZM00194_consensus",0.00106488753
"DTC_ZM00053_consensus",0.00106483451
"DTM_Zm09546_AC191082-1",0.00106088752
"RLG_weki_AC194431-4099",0.0010590104
"RLG_sokiit_AC210743-10848",0.00104768655
"DTA_ZM00029_consensus",0.00104726091
"DTM_Zm03723_AC185669-1",0.00104407337
"RLG_ojokat_AC204297-8192",0.0010423682
"RLG_cinful-zeon_AC213887-12415",0.00103995323
"RLG_boha_AC205574-8933",0.00103784729
"RLX_teuta_AC191650-108",0.00103636996
"RIL_piivi_AC212400-0",0.00103299957
"DTH_ZM00031_consensus",0.00102263431
"RLG_ewog_AC212715-11905",0.00102135096
"RLX_soefes_AC212121-11599",0.00102054498
"DTH_ZM00458_consensus",0.00101992109
"DTT_ZM00032_consensus",0.0010119055
"DTM_Zm21757_AC193965-1",0.0010040967
"RLC_raider_AC197426-5583",0.000997741
"DTM_Zm11868_AC202888-1",0.00099131548
"DTM_Zm25163_AC210240-1",0.00099129694
"DTH_ZM00036_consensus",0.0009841549
"DTA_ZM00077_consensus",0.00097955868
"RLC_votaed_AC215881-13209",0.00097904034
"RLC_fuvej_AC194215-3955",0.00097729612
"RLG_pagof_AC198204-5908",0.00097352621
"DTM_Zm00796_consensus",0.00097305662
"DHH_Hip6_5",0.00095780226
"RLC_atej_AC187217-40",0.00095659944
"RLC_ogiv_AC205856-9034",0.00095204684
"DTA_ZM00101_consensus",0.00094408437
"DTH_ZM00273_consensus",0.00094064755
"DTA_ZM00201_consensus",0.000938467299
"RLX_mafogo_AC199961-6695",0.0009382284
"RLG_omoha_AC184843-894",0.000938169545
"RLX_afeke_AC209700-10302",0.00093555729
"DTM_Zm26908_AC183312-1",0.00093484249
"RLG_bosohe_AC206838-9357",0.00093176551
"RLG_labu_AC188126-2057",0.000930969619
"RLC_pute_AC197188-5467",0.00092850546
"DTM_Zm13585_AC195825-1",0.00092699346
"DTC_ZM00004_consensus",0.00092157959
"DTA_ZM00008_consensus",0.00091964283
"DTM_Zm25996_AC205363-1",0.0009156228
"DTA_ZM00189_consensus",0.00091526396
"DTH_ZM00226_consensus",0.00091481268
"DTA_ZM00136_consensus",0.00091278796
"DTA_ZM00052_consensus",0.00090940906
"RLC_finaij_AC194312-4026",0.00090765817
"DTA_ZM00138_consensus",0.00089577796
"RLX_panen_AC192606-115",0.0008942044
"DTA_ZM00031_consensus",0.00089284878
"DTA_ZM00032_consensus",0.00089268929
"RLG_ywuv_AC197432-5589",0.00088785865
"RLC_opie_AC197201-5474",0.0008871275
"RLG_puck_AC208673-9982",0.00088259444
"DTT_ZM00007_consensus",0.00087761539
"DTH_ZM00460_consensus",0.00087045691
"RLC_gilovu_AC196048-4919",0.00086263181
"RLC_agep_AC205112-8618",0.00085898644
"DTM_Zm14108_AC190892-1",0.00085700587
"DTM_Zm33220_AC177941-1",0.0008553004
"DTA_ZM00011_consensus",0.00085515613
"RLG_witi_AC184140-796",0.00084847261
"DTM_Zm29517_AC196442-1",0.00084783965
"DTM_Zm08670_AC200188-1",0.00084622414
"DTA_ZM00068_consensus",0.00084026983
"RLX_yemi_AC201773-7064",0.000840012809
"RLG_reina_AC200147-6773",0.000830421513
"DTC_ZM00126_consensus",0.00082882142
"DTM_Zm20218_AC204546-1",0.00082738221
"DTM_Zm28681_AC214113-1",0.00081601042
"RLG_ijaat_AC199510-6486",0.00081480852
"DTM_Zm33234_AC208553-1",0.00081386579
"DTA_ZM00333_consensus",0.0008131285
"RLC_vodida_AC203384-7831",0.00081219156
"DTT_ZM00006_consensus",0.00081202242
"RLC_guvi_AC185473-1128",0.00080454497
"DTM_Zm02656_AC189800-1",0.00080389407
"DTH_ZM00307_consensus",0.00080320209
"DTM_Zm02084_consensus",0.00080299513
"RLC_ytar_AC194428-4096",0.000801077059
"DTA_ZM00250_consensus",0.00079896853
"RLG_ojav_AC202435-7427",0.00079719007
"RLG_apil_AC204354-8209",0.00079007124
"DTM_Zm19831_AC209995-1",0.0007865048
"RLX_ilofaw_AC186598-1545",0.00078566851
"RLX_kaise_AC203928-8059",0.00078555153
"RLX_gufa_AC194066-3854",0.00078370191
"RLG_gofi_AC196116-4977",0.00078211858
"DTM_Zm02039_AC199523-1",0.000780382886
"DTT_ZM00019_consensus",0.00077993115
"RLG_wuwe_AC191412-107",0.00077754263
"RLG_olepo_AC212207-11645",0.00077491508
"DTA_ZM00278_consensus",0.00077366864
"DTH_ZM00038_consensus",0.00077292728
"DTT_ZM00004_consensus",0.00077197413
"DTC_ZM00007_consensus",0.00076890457
"RLG_suda_AC215200-12975",0.00076250909
"RLG_ovamef_AC196977-5281",0.000760437876
"DTM_Zm21089_AC203211-1",0.00075701115
"RLX_saahol_AC198506-6044",0.00075404336
"RLX_mako_AC200748-6991",0.00075366386
"DTH_ZM00240_consensus",0.00075133194
"DTM_Zm09941_consensus",0.0007388411
"DTM_Zm33207_AC210869-1",0.000736230333
"DTC_ZM00021_consensus",0.00072903469
"DTA_ZM00212_consensus",0.00072762011
"DTH_ZM00053_consensus",0.00072676715
"RLC_mauky_AC195954-4843",0.00072667166
"DTT_ZM00003_consensus",0.00072514132
"DTM_Zm33221_AC192210-1",0.000721978116
"RLC_niki_AC217821-13540",0.00071833314
"RLX_jeli_AC208705-10001",0.000714713407
"DTM_Zm08014_AC190710-1",0.000709009529
"DTM_Zm10582IC_AC215679-1",0.00070708811
"DTM_Zm20301_AC191081-1",0.000704497026
"RLC_ubat_AC212211-11652",0.00070112404
"RLC_taname_AC194273-3998",0.00069855602
"DHH_Hip1_3",0.00069224206
"RIL_gifife_AC206630-0",0.000688935157
"RLX_ujinas_AC217279-13469",0.000688566243
"RLX_jeli_AC200611-6933",0.00068633643
"RLC_ydut_AC191122-2965",0.000683095605
"RLX_mulaf_AC207733-9686",0.000682836332
"RLX_mibaab_AC205139-8652",0.00068005456
"DTA_ZM00191_consensus",0.000679702779
"DTT_ZM00054_consensus",0.000675821562
"DHH_Hip1_14",0.0006730711
"RLC_ajipe_AC183372-580",0.000669273018
"DTA_ZM00113_consensus",0.00066499441
"RLG_lise_AC211467-11199",0.000664819538
"RLG_usif_AC206781-9344",0.00066177535
"DTM_Zm23554_AC210619-1",0.000660279627
"RLC_ruhi_AC205536-8890",0.000659040194
"RLX_poarow_AC200533-6899",0.00065687727
"RLG_lute_AC206502-9225",0.000653155789
"DTM_Zm33222_AC190995-1",0.000651139763
"DTA_ZM00148_consensus",0.000648526046
"DTA_ZM00267_consensus",0.0006463581
"DTT_ZM00041_consensus",0.000645287802
"RLX_sido_AC204367-8219",0.00064305942
"DTM_Zm33210IC_AC204277-1",0.00063892673
"DTM_Zm01980_AC186668-1",0.00063627657
"RLG_ekoj_AC194603-4173",0.000635635868
"DTA_ZM00055_consensus",0.00063398502
"DTT_ZM00034_consensus",0.00063193939
"RLC_ehahu_AC202972-7568",0.000629027798
"DTA_ZM00239_consensus",0.00062603457
"DTA_ZM00301_consensus",0.00062591398
"DTA_ZM00054_consensus",0.000623304782
"RLC_ugog_AC206863-9375",0.000623304473
"RLX_fate_AC194466-4144",0.000622792441
"RLC_uwaf_AC197569-5671",0.000616176039
"RLX_bs1_AC185605-1189",0.00061492436
"RLX_fanuab_AC193594-3712",0.00061022618
"RLG_ufonah_AC194064-3852",0.000605439823
"RLX_oweiw_AC190860-2662",0.0006040633
"DTH_ZM00178_consensus",0.00059969709
"RLG_hooni_AC211474-11202",0.000598452739
"DTM_Zm03238_AC195860-1",0.000585686716
"DTM_Zm02569_AC177893-1",0.000580289846
"DTM_Zm17242_AC197682-1",0.000577401392
"RLX_emuh_AC193462-157",0.000576610564
"RLX_nisow_AC208616-9947",0.000573785127
"RLG_ruugu_AC214105-12477",0.000572935203
"RLG_nobe_AC198224-5924",0.000572325562
"DTC_ZM00003_consensus",0.000571885061
"RLX_beby_AC214433-12667",0.000569380686
"RLC_fipi_AC195215-4479",0.000568928554
"RLX_kupu_AC216069-13264",0.000568160435
"RLG_uvet_AC194145-3904",0.00056486818
"RLX_petopi_AC195376-4582",0.000563883393
"RLG_hute_AC204317-8199",0.00056323945
"DTA_ZM00219_consensus",0.000555466672
"DTM_Zm12720_AC207543-1",0.00054836137
"RLC_sehoad_AC198380-5972",0.000546277313
"RLG_loba_AC194942-4364",0.000546110612
"DTA_ZM00325_consensus",0.00054450473
"RLC_hago_AC195807-4722",0.00054343504
"DTM_Zm15816_AC194642-1",0.000541855027
"RLG_epohi_AC205903-9050",0.000541513723
"DTA_ZM00076_consensus",0.000539091859
"DTA_ZM00255_consensus",0.0005382072
"DTA_ZM00253_consensus",0.00053760992
"RLX_raga_AC196386-5066",0.000536655206
"DTA_ZM00353_consensus",0.000536452293
"DTM_Zm19950_AC214136-1",0.00053088326
"RLC_ubel_AC183941-731",0.000529140909
"RLX_vufe_AC194263-159",0.00052668507
"DTA_ZM00364_consensus",0.00052446791
"DTH_ZM00073_consensus",0.000524019278
"PPP_PPO_AC185414",0.000523964499
"RLC_volo_AC195546-4646",0.00052158685
"RLX_ifab_AC209906-10473",0.00051978618
"DTA_ZM00365_consensus",0.00051777368
"DTA_ZM00240_consensus",0.00051735311
"RLX_juta_AC190498-2318",0.000517136798
"RLG_tituer_AC196493-5158",0.000514962129
"RLX_kinosi_AC183924-714",0.000513250822
"DTH_ZM00234_consensus",0.000512719796
"DTM_Zm20615_AC216184-1",0.000511027172
"DTC_ZM00041_consensus",0.00050663487
"RLG_yfages_AC197085-5383",0.000504123194
"DTM_Zm32512_AC187775-1",0.000503753652
"DTA_ZM00272_consensus",0.000502605091
"DTA_ZM00302_consensus",0.000496541044
"DTA_ZM00243_consensus",0.000496263682
"RLX_vafim_AC196676-5176",0.00048952898
"RLG_sywu_AC183899-694",0.000487689636
"RLX_ywely_AC190897-98",0.000486705054
"DTM_Zm15241_AC184857-1",0.00048306803
"DTT_ZM00005_consensus",0.000481848047
"DTC_ZM00082_consensus",0.000480915448
"DTA_ZM00042_consensus",0.000480906459
"DTA_ZM00236_consensus",0.000480812911
"DTM_Zm01654_consensus",0.00047876178
"RLX_rulo_AC186371-28",0.000477185236
"DTM_Zm00884_AC214130-1",0.000473219374
"DTA_ZM00081_consensus",0.000467536303
"RLG_lute_AC217373-13492",0.000467133434
"DTA_ZM00308_consensus",0.000460245042
"DTM_Zm27731_AC205570-1",0.00045581428
"RLG_prem1_AC196065-4927",0.00045577842
"RLC_japov_AC213985-12447",0.000455575693
"RLX_dady_AC210684-10809",0.000454847705
"RLG_bosohe_AC213600-12201",0.000451766581
"DTA_ZM00294_consensus",0.000451723563
"RLX_kahowu_AC205018-178",0.000450163814
"DTA_ZM00348_consensus",0.000447867431
"RLC_dugiab_AC207724-9683",0.000442293759
"DTA_ZM00174_consensus",0.000437529873
"RLG_oveah_AC206282-9165",0.000436093962
"DTA_ZM00248_consensus",0.000434263879
"DTA_ZM00233_consensus",0.000434219836
"RLX_mafigi_AC216705-13396",0.000432423629
"RLG_mywur_AC197359-5559",0.000429165994
"DTM_Zm06456_AC194253-1",0.000426836002
"DTM_Zm16884_AC205840-1",0.00042618343
"RLG_tuku_AC177929-405",0.000425552116
"DTM_Zm33224_AC210149-1",0.000423354379
"RLX_ulon_AC190608-155",0.000422623782
"DTH_ZM00015_consensus",0.000418844841
"DTM_Zm33229_AC199704-1",0.000417619316
"RLC_seufyt_AC194940-4361",0.00041540776
"RLX_bs1_AC208724-10016",0.000413742124
"RLX_epom_AC196256-5041",0.000413334097
"DTA_ZM00129_consensus",0.00041299394
"DTA_ZM00202_consensus",0.000410370525
"RLX_ilyl_AC196209-163",0.000409885225
"DTC_ZM00016_consensus",0.000409849972
"DTA_ZM00343_consensus",0.000409308791
"RLG_rimaar_AC197236-5493",0.000406727571
"DTT_ZM00002_consensus",0.000404334935
"DTA_ZM00287_consensus",0.000404334011
"DTH_ZM00043_consensus",0.000401368079
"RLG_ivuk_AC194103-3869",0.000401194103
"DTM_Zm25481IC_AC203285-1",0.000400342858
"DTC_ZM00084_consensus",0.00039996606
"RIL_cin4_AC210188-0",0.000399701827
"RLG_bowuow_AC212139-11611",0.000399671321
"DTH_ZM00168_consensus",0.000398796026
"DTM_Zm10723_AC196159-1",0.000396034517
"DTA_ZM00328_consensus",0.000392698829
"RLG_sawujo_AC193398-3610",0.000392104174
"RLX_anim_AC206032-183",0.000388839685
"DTM_Zm33202_AC177945-1",0.000388748281
"DTH_ZM00463_consensus",0.00038844111
"DTA_ZM00323_consensus",0.000385900677
"DTA_ZM00173_consensus",0.000385566882
"DTA_ZM00197_consensus",0.000385191187
"RLX_ewot_AC210077-10573",0.000385086116
"DTM_Zm10339_AC191267-1",0.000384742963
"DTA_ZM00103_consensus",0.000384592053
"DTA_ZM00218_consensus",0.000382795
"DTM_Zm17880_AC193398-3",0.00038107817
"RLC_anar_AC206985-9422",0.000378901864
"DTC_ZM00006_consensus",0.000376747774
"DTC_ZM00002_consensus",0.000376412958
"DTA_ZM00251_consensus",0.000376352728
"DTM_Zm14961_AC204776-1",0.000376269764
"RLX_dala_AC216254-13336",0.0003754781
"DTM_Zm32353_AC204762-1",0.000373416593
"DTM_Zm01472_AC185516-1",0.000373287078
"RLX_okur_AC194642-135",0.000369408529
"RLX_wawu_AC211017-10990",0.00036929273
"DTM_Zm05916_AC211649-1",0.000364452992
"RLX_nana_AC209373-10202",0.000363443809
"DTA_ZM00085_consensus",0.000360589265
"RLG_bobeg_AC193485-3670",0.000360270836
"DTA_ZM00137_consensus",0.000358407719
"DTA_ZM00124_consensus",0.000356477545
"RLG_huck_AC212331-11708",0.000355905772
"DTH_ZM00055_consensus",0.000353260252
"RLG_prem1_AC200105-6751",0.000343812407
"RLG_rowi_AC203429-7862",0.00034163405
"DTC_ZM00010_consensus",0.000341435958
"RLG_uwuw_AC198589-6052",0.000337960974
"RLC_erev_AC194741-136",0.000337328585
"RLC_ubep_AC210005-10539",0.000335583664
"RLX_tisy_AC193518-123",0.000330586434
"DTT_ZM00049_consensus",0.000328821965
"DTA_ZM00187_consensus",0.000328448815
"DTM_Zm18059_AC186819-1",0.000328271146
"DTA_ZM00196_consensus",0.000327101597
"DTA_ZM00241_consensus",0.000325648939
"RLX_alaw_AC197914-166",0.000324656972
"DTA_ZM00188_consensus",0.000323993854
"DTC_ZM00068_consensus",0.000322698778
"DTH_ZM00382_consensus",0.000318571273
"DTA_ZM00111_consensus",0.000318430513
"DTH_ZM00453_consensus",0.000315516988
"DTC_ZM00125_consensus",0.000315271029
"DTA_ZM00079_consensus",0.000314505024
"DTA_ZM00319_consensus",0.000313088121
"RLC_yrer_AC198936-6221",0.000310905919
"DTM_Zm10271_AC186904-1",0.000310875146
"DTA_ZM00327_consensus",0.000310341596
"DTA_ZM00339_consensus",0.000309673371
"DTA_ZM00276_consensus",0.000309337585
"DTM_Zm12110_AC207526-1",0.000308909987
"DTA_ZM00108_consensus",0.000308874615
"DTA_ZM00064_consensus",0.000306711865
"DTA_ZM00335_consensus",0.00030668084
"DTA_ZM00144_consensus",0.000306666844
"DTH_ZM00037_consensus",0.000305869338
"DTA_ZM00304_consensus",0.000303769585
"RLX_gotur_AC201794-7086",0.000303606382
"DTC_ZM00012_consensus",0.000302542297
"DTM_Zm06948_consensus",0.000302392366
"DTT_ZM00001_consensus",0.000301849436
"DTH_ZM00236_consensus",0.000301745305
"DTA_ZM00361_consensus",0.000300915255
"DTH_ZM00347_consensus",0.000300747187
"DTC_ZM00031_consensus",0.000300149141
"DTM_Zm08959_AC199876-1",0.00029511649
"DTM_Zm17860_AC184871-1",0.000293052366
"DTT_ZM00048_consensus",0.000291232608
"DTM_Zm03788_AC184173-1",0.000290642475
"RLG_kubi_AC195480-4624",0.000289030489
"DTM_Zm12576_AC196989-1",0.000286500308
"DTC_ZM00047_consensus",0.000286272616
"RLC_bote_AC211535-11252",0.000284483775
"DTA_ZM00102_consensus",0.000284166163
"RLX_neafu_AC185666-1261",0.000282917831
"RLX_rijuep_AC188965-2150",0.000280322839
"DTH_ZM00291_consensus",0.000279128739
"DTM_Zm30706_AC211930-1",0.000278819337
"DTH_ZM00395_consensus",0.000278024773
"DTA_ZM00167_consensus",0.000277758481
"RLG_wyly_AC198779-6150",0.000276647292
"DTM_Zm33225IC_AC186510-1",0.000275010713
"RLX_jupek_AC208518-9894",0.000274407511
"DTA_ZM00262_consensus",0.000274061831
"RLC_onal_AC186648-1594",0.000271139461
"DTA_ZM00315_consensus",0.000270345379
"RLC_ubel_AC194376-4060",0.000266914897
"DTA_ZM00358_consensus",0.000266144197
"DTM_Zm33212_AC204930-1",0.000265001912
"DTM_Zm33203_AC183914-1",0.000264635748
"RLC_muekeh_AC184787-871",0.000263553441
"DTM_Zm02275_consensus",0.00025736332
"RLG_boja_AC200053-6723",0.000256167999
"RST_AU_consensus-0",0.000255203496
"RLX_vedi_AC198992-6258",0.000253650545
"DTH_ZM00451_consensus",0.000252379334
"RLX_uluil_AC185306-17",0.000251407356
"RLX_mopin_AC187657-153",0.000248877087
"RLX_nakuuv_AC199045-169",0.000244588667
"DTA_ZM00270_consensus",0.000242740785
"RLG_bosohe_AC185471-1125",0.000242200611
"DTH_ZM00140_consensus",0.000242089839
"RLX_uvis_AC197719-164",0.000238699087
"DTT_ZM00023_consensus",0.000236633524
"RLX_wiolus_AC210058-10567",0.000234840286
"DTM_Zm33228_AC197348-1",0.000233136423
"DTH_ZM00388_consensus",0.000228851812
"RLX_small_AC217574-13522",0.000228221869
"DTA_ZM00290_consensus",0.000226947341
"DTA_ZM00385_consensus",0.000226270553
"DTH_ZM00324_consensus",0.000224382567
"DTA_ZM00180_consensus",0.000222097783
"DTT_ZM00038_consensus",0.000220750661
"DTM_Zm33211_AC210532-1",0.000220212535
"RLC_huta_AC210008-10542",0.000220171441
"DTM_Zm22986_AC206272-1",0.000219799311
"RLX_jakek_AC185468-151",0.000217489655
"DTM_Zm33223_AC208969-1",0.00021637111
"DTH_ZM00124_consensus",0.000212213393
"DTH_ZM00206_consensus",0.000211453043
"DTH_ZM00485_consensus",0.000210329989
"DTA_ZM00211_consensus",0.00020940359
"DTA_ZM00005_consensus",0.000208825492
"DTA_ZM00146_consensus",0.00020541768
"DTA_ZM00384_consensus",0.000202141658
"RLC_uloh_AC209080-10120",0.000201627324
"DTH_ZM00218_consensus",0.000200852455
"RLX_tojena_AC187554-1910",0.000200514793
"DTA_ZM00115_consensus",0.000198642458
"DTA_ZM00164_consensus",0.000198517368
"DTA_ZM00288_consensus",0.000197899808
"DTM_Zm33206_AC209693-1",0.000197479764
"RLX_oviis_AC209739-10346",0.000195109791
"DTH_ZM00367_consensus",0.000194874501
"DTC_ZM00085_consensus",0.000192633834
"RLX_ewigyw_AC185312-18",0.000191965332
"DTA_ZM00225_consensus",0.000191303729
"DTA_ZM00142_consensus",0.000189703294
"RLX_ruwi_AC204382-8227",0.000187505263
"RLG_uwew_AC187787-1947",0.000185741741
"DTC_ZM00043_consensus",0.000181073772
"DTA_ZM00082_consensus",0.000180647467
"DTA_ZM00159_consensus",0.000179493676
"RLX_small_AC195943-142",0.000179439167
"DTA_ZM00183_consensus",0.000178446612
"DTA_ZM00190_consensus",0.000177371185
"DTA_ZM00168_consensus",0.000176125669
"DTC_ZM00052_consensus",0.000175482706
"DTA_ZM00340_consensus",0.000174748935
"DTM_Zm06094_AC207124-1",0.000172782086
"DTH_ZM00374_consensus",0.000172042595
"RLC_depuw_AC208349-9837",0.000164736792
"DTH_ZM00270_consensus",0.000163647085
"DTM_Zm19358_AC198478-1",0.000161839899
"DTA_ZM00089_consensus",0.000159847665
"DTA_ZM00221_consensus",0.000159722231
"DTH_ZM00071_consensus",0.000158148618
"RLX_lyna_AC194093-3868",0.000157615614
"DTA_ZM00247_consensus",0.000156593952
"DTA_ZM00132_consensus",0.000155369819
"DTA_ZM00324_consensus",0.000155198902
"RLX_pope_AC205335-180",0.000154281923
"DTM_Zm08412_AC199539-1",0.000154030308
"DTM_Zm10163_AC191604-1",0.000151577847
"RLX_wiru_AC210670-10789",0.000150369662
"DTH_ZM00045_consensus",0.000150142783
"DTH_ZM00052_consensus",0.000148460078
"DTH_ZM00153_consensus",0.000146824228
"DTH_ZM00368_consensus",0.000145989987
"DTM_Zm21197_consensus",0.000143712907
"DTH_ZM00039_consensus",0.000143227783
"DTH_ZM00325_consensus",0.000142408384
"DTA_ZM00249_consensus",0.000138548184
"DTA_ZM00226_consensus",0.000138385138
"DTA_ZM00326_consensus",0.000137910133
"DTM_Zm28013_AC199567-1",0.000137686005
"DTA_ZM00220_consensus",0.000137335192
"DTM_Zm33216_AC197010-1",0.000135459382
"DTA_ZM00374_consensus",0.000133833022
"DTM_Zm33233_AC206057-1",0.000133486939
"DTA_ZM00105_consensus",0.000133384272
"DTA_ZM00347_consensus",0.0001317606
"DTH_ZM00479_consensus",0.000131574193
"DTA_ZM00057_consensus",0.000130706356
"DTA_ZM00357_consensus",0.000129595742
"DTC_ZM00070_consensus",0.000129563576
"DTT_ZM00028_consensus",0.000128941278
"DTH_ZM00181_consensus",0.000128501368
"RLX_raga_AC204541-8305",0.000127857224
"DTA_ZM00149_consensus",0.000127796081
"DTM_Zm27984_AC204868-1",0.000125778852
"DTA_ZM00145_consensus",0.000123962816
"DTA_ZM00245_consensus",0.000122571111
"DTA_ZM00362_consensus",0.00012115493
"DHH_Hip1_15",0.000120373671
"DTA_ZM00280_consensus",0.000119364072
"RLC_kuvi_AC207807-9734",0.000118479326
"RLC_ebel_AC211737-11397",0.000118119684
"DTA_ZM00091_consensus",0.000117521168
"DTA_ZM00292_consensus",0.000117442753
"DTA_ZM00150_consensus",0.000116994743
"DTM_Zm18028_consensus",0.000116103062
"DTA_ZM00336_consensus",0.000115930929
"RST_ZmSINE3_consensus-0",0.000114948106
"DTH_ZM00050_consensus",0.000114759061
"DTH_ZM00246_consensus",0.000114631535
"DTT_ZM00036_consensus",0.00011133747
"DTH_ZM00048_consensus",0.000109986851
"DTA_ZM00215_consensus",0.00010689438
"DTH_ZM00042_consensus",0.000106613858
"RLX_mewu_AC186332-152",0.000103238365
"DTM_Zm00346_AC182611-1",0.000102871021
"RLG_ewiut_AC194106-3871",0.000102606951
"DTM_Zm31138_AC184695-1",0.000102428554
"RLX_muusi_AC190834-92",0.000101504523
"DTH_ZM00056_consensus",0.000100843422
"RLC_naasuj_AC211569-11281",0.000100360101
"DTH_ZM00211_consensus",0.000100114581
"RLX_urogor_AC186334-1406",0.000099577182
"DTA_ZM00378_consensus",0.000097836632
"DTA_ZM00157_consensus",0.000096313605
"RLX_niypo_AC191087-2935",0.000095780737
"RLX_mijuw_AC190986-101",0.00009460018
"DTT_ZM00040_consensus",0.000094110434
"DTA_ZM00181_consensus",0.000093612561
"DTA_ZM00246_consensus",0.000093014219
"DTA_ZM00382_consensus",0.000091860679
"DTH_ZM00220_consensus",0.000091785764
"RLX_epiil_AC190716-83",0.000090238118
"DTM_Zm33226_AC202438-1",0.000090207586
"RLC_uhun_AC200619-6943",0.00008967275
"DTM_Zm05901_AC190666-1",0.000089153947
"RLC_kake_AC186604-1559",0.000088142561
"DTA_ZM00387_consensus",0.00008761185
"RLX_luteja_AC183974-769",0.000087191954
"DTM_Zm33227IC_AC208221-1",0.00008642511
"DTM_Zm33213_AC206876-1",0.000086098932
"RLX_jube_AC191704-110",0.00008450452
"RLX_bawigu_AC208532-9902",0.000083072338
"DTC_ZM00096_consensus",0.000082820232
"DTA_ZM00112_consensus",0.000082154888
"DTH_ZM00285_consensus",0.000080026245
"DTH_ZM00193_consensus",0.000079182451
"DTA_ZM00095_consensus",0.000078642157
"RLG_gylu_AC188833-2139",0.0000783725
"RLX_lenu_AC213984-12443",0.000075294255
"DTC_ZM00103_consensus",0.000075092438
"DTH_ZM00184_consensus",0.000074261438
"DTM_Zm18873_AC215861-1",0.000073566027
"DTT_ZM00029_consensus",0.000073034482
"DTA_ZM00162_consensus",0.000072747462
"DTA_ZM00134_consensus",0.000072172849
"DTT_ZM00014_consensus",0.000071834984
"DTH_ZM00096_consensus",0.000071686317
"DTA_ZM00380_consensus",0.000071155653
"DTA_ZM00075_consensus",0.000071014543
"DTH_ZM00424_consensus",0.000070905086
"DTA_ZM00072_consensus",0.000070743278
"DTH_ZM00089_consensus",0.000070401063
"RLX_wuywu_AC190718-2536",0.000069446542
"RLC_ulyg_AC196397-5082",0.000069253953
"DTC_ZM00023_consensus",0.000067915253
"DTA_ZM00260_consensus",0.000066038472
"RLC_guwo_AC183661-638",0.000065158923
"DTA_ZM00379_consensus",0.000063243506
"DTA_ZM00377_consensus",0.000061509601
"RLX_okoj_AC198787-167",0.000061233165
"DTT_ZM00057_consensus",0.000060046462
"DTA_ZM00109_consensus",0.000059315099
"DTH_ZM00195_consensus",0.000058832138
"DTA_ZM00266_consensus",0.000058811465
"DTH_ZM00049_consensus",0.00005817113
"RLX_leso_AC215500-13080",0.000056131129
"RLX_vaofen_AC202996-7597",0.000055371795
"DTA_ZM00306_consensus",0.000054568178
"RLC_kuvi_AC207313-9512",0.000054097657
"DTH_ZM00316_consensus",0.000053971794
"RLC_tufe_AC211502-11228",0.000053438935
"DTM_Zm17123_consensus",0.000051783283
"DTA_ZM00303_consensus",0.000050829411
"RLC_rely_AC199569-6530",0.000050779015
"DTH_ZM00040_consensus",0.000050582091
"DTA_ZM00058_consensus",0.000049111667
"DTH_ZM00391_consensus",0.000048956121
"RLG_seuwe_AC210840-10901",0.000048765091
"DTA_ZM00285_consensus",0.000048142734
"DTA_ZM00195_consensus",0.000047142607
"DTA_ZM00330_consensus",0.000047058865
"DTA_ZM00232_consensus",0.000047022065
"DTA_ZM00070_consensus",0.000046662256
"DTC_ZM00022_consensus",0.000046237404
"DTH_ZM00199_consensus",0.000046209689
"RLX_elalal_AC211887-11443",0.000044567831
"DTA_ZM00214_consensus",0.000044312645
"DTH_ZM00159_consensus",0.000043551872
"DTH_ZM00011_consensus",0.00004316752
"DTA_ZM00317_consensus",0.000042476811
"DTA_ZM00381_consensus",0.000042097185
"DTA_ZM00192_consensus",0.000041802366
"DTA_ZM00332_consensus",0.00004156719
"DTA_ZM00213_consensus",0.000041439483
"DTH_ZM00314_consensus",0.000041039146
"DTA_ZM00271_consensus",0.000040920908
"DTA_ZM00228_consensus",0.000040327644
"DTA_ZM00158_consensus",0.000040056249
"RLC_nene_AC204294-8188",0.00003978634
"DTA_ZM00123_consensus",0.000039464762
"DTA_ZM00230_consensus",0.000037386558
"DTH_ZM00084_consensus",0.000036051061
"DTH_ZM00465_consensus",0.00003507678
"DTA_ZM00329_consensus",0.000034680045
"DTA_ZM00282_consensus",0.00003389763
"DTH_ZM00023_consensus",0.000032396089
"RLC_victim_AC183319-577",0.000031528459
"DTH_ZM00433_consensus",0.000030887094
"DTA_ZM00351_consensus",0.00003070139
"DTA_ZM00080_consensus",0.00002977918
"RLG_taro_AC203167-7686",0.000029706876
"DTA_ZM00131_consensus",0.000028691293
"DTA_ZM00125_consensus",0.000025105561
"DTA_ZM00209_consensus",0.000024990682
"DTH_ZM00288_consensus",0.000024804862
"DTA_ZM00312_consensus",0.000023547278
"DTA_ZM00224_consensus",0.000022370488
"RLC_seko_AC188710-2086",0.00002172549
"DTA_ZM00154_consensus",0.00002064033
"DTT_ZM00020_consensus",0.000017537733
"DTC_ZM00005_consensus",0.000017192402
"DTA_ZM00316_consensus",0.000016488037
"DTH_ZM00145_consensus",0.000014458659
"RLX_owume_AC207119-9459",0.000013829158
"DTH_ZM00005_consensus",0.000012780214
"DTH_ZM00495_consensus",0.000012283242
"RLC_victim_AC182414-456",0.000011634625
"DTC_ZM00072_consensus",0.000011474723
"DTA_ZM00296_consensus",0.000010937441
"RLX_nabu_AC187471-45",0.000010072234
"DTC_ZM00059_consensus",0.00000875759
"DTA_ZM00152_consensus",0.000007708493
"DTA_ZM00099_consensus",0.000006709428
"RLC_ebel_AC210216-10670",0.000003893675
"DTC_ZM00036_consensus",0.0000011169
"RLX_biwa_AC194319-131",0.000000874424
"DTA_ZM00341_consensus",0.000000523557
"DTA_ZM00227_consensus",0
"DTC_ZM00050_consensus",0
"DTC_ZM00078_consensus",0
"DTH_ZM00104_consensus",0
"RLC_gugu_AC193480-120",0
"RLC_hiri_AC187471-44",0
"RLX_adun_AC193506-122",0
"RLX_ajeb_AC188141-66",0
"RLX_baha_AC187214-39",0
"RLX_beboso_AC190260-76",0
"RLX_beva_AC190814-90",0
"RLX_bosovu_AC193480-119",0
"RLX_bula_AC195180-138",0
"RLX_doba_AC190263-77",0
"RLX_efaw_AC190815-91",0
"RLX_etin_AC194319-129",0
"RLX_ewuof_AC188199-68",0
"RLX_fara_AC188142-67",0
"RLX_gate_AC197186-143",0
"RLX_geta_AC187066-33",0
"RLX_guafa_AC188016-60",0
"RLX_guali_AC190263-78",0
"RLX_miva_AC188030-62",0
"RLX_nabu_AC187882-57",0
"RLX_ohag_AC187801-48",0
"RLX_oviil_AC187836-55",0
"RLX_ovys_AC187066-34",0
"RLX_sego_AC188397-69",0
"RLX_tywo_AC187810-53",0
"RLX_vuna_AC193505-121",0
"RLX_wugaab_AC187472-46",0
