FullID,Population,IndID,AB10Freq,ab10round,Species,Region,Group,Altitude,1C_GS,Total_Reads,Total_corr,180knobreads,180knob%,180knobMB,180knobuncorMB,TR1total,TR1%,TR1MB,TR1uncorMB,CentCreads,CentC%,CentCMB,CentCuncorMB,Cpreads,CP%,CPMB,CPuncorMB,mtreads,mt%,mtMB,mtuncorMB,cDNAreads,cDNA%,cDNAMB,cDNAuncorMB,TotallTereads,TotallTe%,TotallTeMB,TotallTeuncorMB,TotFTereads,TotFTe%,TotFTeMB,TotFTeuncorMB,CRMallreads,CRMall%,CRMallMB
RIMMA0388.1,RIMMA0388,1,0,0,mays,SAL,1,1500,3.32,1490485,1398276.833,164692,11.7782113,391.0366152,366.8453155,16274,1.16386109,38.6401882,36.24973079,3992,0.285494253,9.478409199,8.892031788,46675,3.338037139,110.822833,103.9668296,22354,1.598681997,53.07624229,49.79270506,69854.16667,4.995732247,165.8583106,155.5975628,953727,68.20730897,2264.482658,2124.391483,285513,2424077.754,677.9080776,635.9696072,4105.333334,0.293599467,9.747502316
RIMMA0389.1,RIMMA0389,1,0,0,mays,SAL,1,7,3.145,736299,675537.5,82058,12.14706808,382.025291,350.499471,9991,1.478970449,46.51362064,42.67518359,2159,0.319597358,10.0513369,9.221871821,55720,8.248246766,259.4073608,238.0003232,27306,4.042114612,127.1245046,116.6338267,33455.5,4.952426771,155.753822,142.900571,455269,67.39359399,2119.528531,1944.618973,141420,1164231.559,658.3881724,604.0560968,2208.25,0.326887849,10.28062284
RIMMA0390.1,RIMMA0390,1,0,0,mays,SAL,1,353,3.17,1165365,1085096.833,116373,10.72466497,339.9718796,316.5552509,13979,1.288272122,40.83822627,38.02536544,2549,0.23490991,7.446644163,6.933733208,64940,5.984719336,189.715603,176.6483462,27388,2.52401437,80.01125552,74.50022954,52880.16667,4.87331315,154.4840268,143.8434553,718006,66.16976273,2097.581479,1953.10398,211424,1971380.929,617.6537056,575.1108708,3023.333333,0.278623367,8.83236074
RIMMA0391.1B,RIMMA0391,1B,0.428571429,0,mays,SAL,1,700,3.335,1269642,1159415.333,116162,10.01901533,334.1341613,305.1255945,12639,1.09011841,36.35544898,33.19917347,3378,0.291353746,9.716647414,8.873076032,105508,9.100103903,303.4884652,277.1404695,52905,4.563075757,152.1785765,138.9668702,57321.66667,4.944014886,164.8828964,150.5682376,758480,65.41917967,2181.729642,1992.31815,219538,2191213.335,631.4900355,576.6658869,3437.5,0.296485643,9.88779618
RIMMA0392.1,RIMMA0392,1,1,1,mays,SAL,1,555,3.385,441300,408150,50725,12.42802891,420.6887786,389.0870723,3657,0.89599412,30.32940096,28.0510877,1219,0.298664707,10.10980032,9.350362565,39352,9.64155335,326.3665809,301.8502606,14475,3.546490261,120.0486953,111.0307614,18675,4.575523705,154.8814774,143.2469409,260426,63.80644371,2159.84812,1997.602561,78395,630791.9024,650.1704643,601.3303308,1289,0.315815264,10.69034669
RIMMA0393.1,RIMMA0393,1,0,0,mays,SAL,1,100,3.2,1438679,1323169.5,143868,10.87298339,347.9354686,320.0002224,20911,1.580371978,50.5719033,46.51155678,3382,0.255598395,8.179148628,7.522456364,125357,9.473994073,303.1678103,278.8268961,53125,4.014980696,128.4793823,118.1639546,62384.5,4.714777661,150.8728851,138.7595148,855783,64.67674776,2069.655928,1903.486184,257539,2368613.937,622.8414425,572.8343849,4229,0.319611357,10.22756344
RIMMA0394.2,RIMMA0394,2,0,0,mays,SAL,1,1000,3.29,1025839,947408,115234,12.16308074,400.1653564,369.5705271,16715,1.764287403,58.04505556,53.60719372,2695,0.284460338,9.358745124,8.643217893,69848,7.372536436,242.5564488,224.0116821,31794,3.355893132,110.408884,101.9675212,46637,4.92258879,161.9531712,149.5709658,634430,66.96481347,2203.142363,2034.700085,196821,1618183.782,683.4870404,631.2307194,3090.666667,0.326223408,10.73275013
RIMMA0395.2,RIMMA0395,2,0,0,mays,SAL,1,30,3.425,1243517,1135583.167,118753,10.45744631,358.1675362,327.0795856,18043,1.588875261,54.41897768,49.69556106,4074,0.3587584,12.2874752,11.22095637,114424,10.07623249,345.1109628,315.1562866,50907,4.482894912,153.5391507,140.2123775,57026.83333,5.02181038,171.9970055,157.0681415,755227,66.50565297,2277.818614,2080.110264,235296,2250033.067,709.6695545,648.0722017,4242.333334,0.373581914,12.79518057
RIMMA0396.1,RIMMA0396,1,0.153846154,0,mays,SAL,1,1100,3.025,855315,793325,84317,10.62830492,321.5062238,298.2046673,13099,1.651151798,49.94734188,46.32734723,2292,0.288910598,8.739545583,8.106136336,56822,7.162512211,216.6659944,200.9628616,24024,3.028267104,91.60507989,84.96588976,37966,4.785680522,144.7668358,134.2746824,524013,66.05275265,1998.095768,1853.281335,156570,1473141.777,597.0116283,553.7424808,2287.416667,0.288332861,8.722069034
RIMMA0397.1,RIMMA0397,1,1,1,mays,SAL,1,50,2.97,516795,478881,47349,9.88742506,293.6565243,272.1127913,8191,1.71044581,50.80024056,47.0733463,1362,0.284413038,8.447067225,7.827359011,35003,7.309331546,217.0871469,201.1608278,13688,2.858330149,84.89240542,78.66438336,24226,5.05887684,150.2486421,139.2258439,325423,67.95487814,2018.259881,1870.192842,99444,1005762.364,616.7475427,571.5006531,1701.666667,0.355342281,10.55366573
RIMMA0398.1,RIMMA0398,1,0,0,mays,SAL,1,27,3.335,1143610,1063838.5,104658,9.837771429,328.0896771,305.2040731,17565,1.651096478,55.06406753,51.22312239,3705,0.348267148,11.61470938,10.80453564,65259,6.13429576,204.5787636,190.3085536,27945,2.626808486,87.60406302,81.4933194,51826.5,4.871651101,162.4695642,151.136644,709957,66.73541144,2225.625971,2070.379408,209542,2129974.268,656.8878359,611.0672082,3519.333333,0.330814624,11.03266771
RIMMA0399.1,RIMMA0399,1,0,0,mays,SAL,1,250,3.27,1023572,953007.5,112556,11.81061009,386.2069501,359.5820519,18037,1.89263988,61.88932406,57.62270754,2670,0.280165686,9.161417932,8.529834736,60568,6.355458902,207.8235061,193.496266,25965,2.724532598,89.09221596,82.95024678,44599.5,4.679868731,153.0317075,142.4817844,627690,65.86411964,2153.756712,2005.27789,190593,1613743.9,653.9708344,608.8864389,3105,0.325810657,10.65400849
RIMMA0403.2,RIMMA0403,2,0,0,mays,SAL,1,1000,3.06,682508,633210.3333,74752,11.80524007,361.2403462,335.1478957,6025,0.951500581,29.11591778,27.01287018,2425,0.382969113,11.71885487,10.87240003,45370,7.165075744,219.2513178,203.4147585,18891,2.983368875,91.29108758,84.6971171,30406.66667,4.801985228,146.940748,136.3271932,414314,65.43070733,2002.179644,1857.561875,120494,1020682.335,582.2893604,540.2305028,1744.833333,0.275553515,8.431937571
RIMMA0404.1,RIMMA0404,1,1,1,mays,SAL,1,1500,3.17,593342,549389.3333,66931,12.18279933,386.1947386,357.5868049,9949,1.810919761,57.40615641,53.15371236,861,0.156719461,4.968006902,4.599994607,35268,6.419491217,203.4978716,188.4234725,17037,3.101079502,98.3042202,91.02219293,26915.66667,4.899197169,155.3045503,143.8001411,375800,68.40322103,2168.382107,2007.756066,118076,969202.5358,681.3035807,630.8350327,1604,0.291960528,9.255148748
RIMMA0405.1B,RIMMA0405,1B,0,0,mays,SAL,1,1100,3.17,964644,893622,96061,10.74962344,340.7630631,315.6743524,11702,1.309502228,41.51122063,38.45495333,2967,0.332019579,10.52502065,9.750115068,49241,5.510271681,174.6756123,161.8151048,24913,2.787867801,88.37540929,81.86876195,46109,5.159787919,163.565277,151.522769,618151,69.17365508,2192.804866,2031.359413,186764,1737400.394,662.519365,613.741318,2719.583333,0.30433263,9.647344365
RIMMA0406.1,RIMMA0406,1,0,0,mays,SAL,1,450,3.24,878787,824129,87772,10.65027441,345.0688909,323.6066077,10971,1.331223631,43.13164565,40.44898252,2457,0.298132938,9.659507189,9.058713886,22975,2.787791717,90.32445163,84.70653298,13020,1.579849757,51.18713211,48.00344111,41638,5.052364375,163.6966057,153.5151521,564365,68.48017725,2218.757743,2080.757453,160819,1509998.652,632.2475729,592.9236095,2780.333333,0.337366278,10.93066741
RIMMA0407.1,RIMMA0407,1,0,0,mays,SAL,1,450,3.425,799756,730853,90688,12.40851443,424.9916194,388.3764548,11331,1.550380172,53.1005209,48.52564407,1140,0.15598212,5.342387594,4.882114045,88189,12.06658521,413.2805434,377.6743469,34484,4.718322289,161.6025384,147.6796673,34419,4.709428572,161.2979286,147.4013011,469652,64.2608021,2200.932472,2011.311075,145922,1175982.836,683.8349846,624.9191628,1895.666667,0.259377285,8.883672001
RIMMA0409.1,RIMMA0409,1,0,0,mays,ML,1,107,3.11,1322077,1200172.667,96787,8.064422952,250.8035538,227.6777903,11369,0.947280364,29.46041931,26.7439718,2621,0.218385243,6.791781072,6.165533475,125505,10.45724532,325.2203294,295.232842,60093,5.007029544,155.7186188,141.3603217,61811.33333,5.150203387,160.1713253,145.4024589,804147,67.00260907,2083.781142,1891.642597,227465,2820598.589,589.4286461,535.0793865,3500,0.291624705,9.069528326
RIMMA0410.1B,RIMMA0410,1B,0,0,mays,ML,1,107,3.47,237440,213950,19963,9.330684739,323.7747605,291.7436405,4153,1.941107735,67.35643842,60.69284872,636,0.297265716,10.31512036,9.294642857,30994,14.48656228,502.6837111,452.9530829,13157,6.149567656,213.3899977,192.2792706,10333,4.829633092,167.5882683,151.008718,135314,63.24561814,2194.622949,1977.508339,41735,447287.6446,676.8892265,609.924402,732.3333333,0.342291813,11.8775259
RIMMA0416.1,RIMMA0416,1,0,0,mays,MH,1,2140,3,1394832,1277031.5,73707,5.771744863,173.1523459,158.5287691,3820,0.299131227,8.973936821,8.216043222,4116,0.322309982,9.669299465,8.852679032,130425,10.21313883,306.3941649,280.5176537,52455,4.107572914,123.2271874,112.8200385,65345.5,5.116984193,153.5095258,140.5448828,835079,65.39220058,1961.766018,1796.08512,221397,3835876.416,520.1054164,476.179927,3628.166667,0.284109411,8.523282316
RIMMA0417.1,RIMMA0417,1,0,0,mays,MH,1,2040,2.885,1700625,1552385.333,68629,4.420874027,127.5422157,116.4246468,7338,0.472691918,13.63716182,12.44844101,4713,0.303597303,8.758782184,7.995298787,174167,11.21931496,323.6772367,295.463018,69768,4.494244986,129.6589678,118.3568864,78471.66667,5.054909047,145.834126,133.1220924,1040103,67.00031092,1932.95897,1764.467272,279846,6330105.728,520.0742964,474.7405865,4272.166666,0.275200144,7.939524143
RIMMA0418.1,RIMMA0418,1,0,0,mays,MH,1,2040,2.925,1012791,936247.8333,65062,6.949228365,203.2649297,187.9028842,5127,0.547611414,16.01763386,14.80707767,4244,0.453298779,13.2589893,12.25692171,66779,7.132619978,208.6291343,192.8616812,29483,3.149059357,92.10998619,85.14863876,47060.16667,5.026464681,147.0240919,135.9125303,622127,66.44896552,1943.632242,1796.739382,171154,2462920.932,534.7146687,494.3028226,2856,0.305047435,8.922637471
RIMMA0421.1,RIMMA0421,1,0,0,mays,MH,1,2250,2.715,1627352,1503719.167,48636,3.234380533,87.81343148,81.1420885,2111,0.140385256,3.811459697,3.521896308,6289,0.418229689,11.35493607,10.49228133,87643,5.828415434,158.241479,146.2195917,37407,2.487632055,67.53921028,62.40813604,86225.83333,5.73417133,155.6827516,143.8552553,1047852,69.68402234,1891.921206,1748.188579,269075,8319212.821,485.8211834,448.9124817,4362.166666,0.290091844,7.875993576
RIMMA0422.1,RIMMA0422,1,0,0,mays,MH,1,2200,3.01,1082289,995902.5,89993,9.036326347,271.9934231,250.2833624,4915,0.493522207,14.85501844,13.66931568,3091,0.310371748,9.342189622,8.596511653,111169,11.16263891,335.9954313,309.1768372,38324,3.848167868,115.8298528,106.5845075,48062.5,4.826024636,145.2633415,133.6686643,641935,64.45761508,1940.174214,1785.312749,180198,1994151.086,544.6275916,501.156327,2682.666667,0.269370412,8.108049399
RIMMA0423.1,RIMMA0423,1,0,0,mays,MH,1,2095,3.32,1098715,1004079.5,49864,4.966140629,164.8758689,150.6746335,6182,0.6156883,20.44085155,18.6802219,6069,0.604434211,20.06721579,18.33876847,108166,10.77265296,357.6520783,326.8464706,42937,4.276255018,141.9716666,129.7432364,51698.5,5.148845286,170.9416635,156.2179637,659595,65.69151148,2180.958181,1993.105946,173989,3503505.297,575.2965577,525.7446016,3089,0.307644962,10.21381275
RIMMA0424.1,RIMMA0424,1,0,0,mays,MH,1,2400,2.695,1425292,1302457.5,46156,3.543762464,95.50439842,87.27363937,5937,0.455830613,12.28463501,11.22592072,5570,0.42765311,11.5252513,10.53198222,142888,10.97064588,295.6589063,270.1784336,54460,4.181326454,112.6867479,102.9751798,68374.5,5.24965306,141.47815,129.2852815,871179,66.88732646,1802.613448,1647.260635,232506,6560992.796,481.0933716,439.6317877,4297.666667,0.329965981,8.892583189
RIMMA0425.1,RIMMA0425,1,0,0,mays,MH,1,2130,2.98,1910013,1757566.833,62415,3.551216307,105.826246,97.37980841,6870,0.390881295,11.64826259,10.71856579,6758,0.384508849,11.4583637,10.54382352,131506,7.482275923,222.9718225,205.175504,56115,3.192766212,95.1444331,87.55055594,96331.16667,5.480939037,163.3319833,150.2957711,1211736,68.94395007,2054.529712,1890.549059,316424,8910299.25,536.5050717,493.6843467,5528.166667,0.314535218,9.373149492
RIMMA0426.1,RIMMA0426,1,0,0,mays,SAH,1,2500,2.775,1108325,1012439,6882,0.679744656,18.86291421,17.23100174,1457,0.143909905,3.993499855,3.648004872,5209,0.514500133,14.27737869,13.04218077,108366,10.70345967,297.0210057,271.324431,41365,4.085678248,113.3775714,103.5687862,54521,5.38511456,149.436929,136.5084925,684303,67.58955354,1875.610111,1713.34295,165600,24362089.28,453.8940124,414.6256739,3624.166667,0.357963953,9.933499698
RIMMA0428.1,RIMMA0428,1,0,0,mays,SAL,1,700,2.99,1114646,1015298.5,60649,5.973514193,178.6080744,162.6888806,6171,0.607801548,18.17326629,16.5534977,2708,0.26671959,7.974915751,7.264117935,119384,11.7585124,351.5795207,320.2435213,46229,4.553242224,136.1419425,124.0077208,53118.5,5.231811137,156.431153,142.4885704,669431,65.93440254,1971.438636,1795.725899,183545,3072646.922,540.530248,492.3532225,3193.5,0.31453804,9.404687389
RIMMA0430.1,RIMMA0430,1,0,0,mays,SAH,1,2585,2.65,729392,663056.8333,4984,0.751670106,19.9192578,18.10768421,884,0.133321905,3.533030477,3.211716059,2882,0.43465354,11.51831882,10.47077566,75841,11.43808437,303.1092357,275.5427123,28727,4.332509456,114.8115006,104.3698724,37608.16667,5.671937122,150.3063337,136.6365982,456249,68.80993862,1823.463373,1657.626969,114540,15238067.75,457.7752385,416.1424858,2301.333333,0.347079348,9.19760272
RIMMA0431.1,RIMMA0431,1,0,0,mays,SAH,1,2900,2.455,1228840,1123794,16659,1.482389121,36.39265292,33.28166808,2188,0.194697605,4.779826196,4.37122815,4771,0.424544,10.4225552,9.531594837,92086,8.194206411,201.1677674,183.9711679,41206,3.666686243,90.01714727,82.32213307,63840,5.680756438,139.4625705,127.5407702,771864,68.68376233,1686.186365,1542.044627,189271,12767970.12,413.474627,378.1292154,3749.333333,0.333631727,8.190658905
RIMMA0433.1,RIMMA0433,1,0.4375,0,mays,ML,1,457,3.15,1831068,1692784,160750,9.49619089,299.130013,276.5394294,27827,1.643860055,51.78159174,47.8709966,4423,0.261285551,8.230494853,7.60892004,128041,7.563930188,238.2638009,220.2698917,53569,3.164550232,99.68333231,92.15515208,84715,5.004477831,157.6410517,145.7358492,1143944,67.57767087,2128.696632,1967.935434,339558,3575728.457,631.8630729,584.1441716,5405.166667,0.319306342,10.05814977
RIMMA0436.1,RIMMA0436,1,1,1,mays,SAH,1,2200,2.87,1453289,1332581,27888,2.092780852,60.06281044,55.07408368,2314,0.173647981,4.983697051,4.569758665,5656,0.42443949,12.18141336,11.16964348,106152,7.965894756,228.6211795,209.632248,44146,3.312819258,95.07791271,87.18088419,76562,5.745391837,164.8927457,151.1970021,932951,70.01082861,2009.310781,1842.420448,244599,11687750.29,526.7965925,483.0416593,4693.333334,0.352198728,10.1081035
RIMMA0437.1,RIMMA0437,1,0,0,mays,SAH,1,2688,2.685,1001840,918767.3333,8979,0.977287685,26.24017434,24.06433662,798,0.086855504,2.332070288,2.138694802,4217,0.458984538,12.32373484,11.3018496,82546,8.984429137,241.2319223,221.2289487,34151,3.71704552,99.8026722,91.52702527,48921.66667,5.324706799,142.9683776,131.1134263,630034,68.57383552,1841.207484,1688.534387,156900,16054638,458.5235943,420.5027749,3263.166666,0.355167902,9.536258181
RIMMA0438.1,RIMMA0438,1,0,0,mays,SAH,1,2820,2.875,918795,845166,5602,0.662828367,19.05631556,17.52920945,1530,0.181029526,5.20459886,4.787520611,3882,0.459318051,13.20539397,12.14716014,64024,7.575316565,217.7903512,200.3373984,25147,2.975391817,85.54251472,78.68743844,48482,5.736387881,164.9211516,151.7049505,596271,70.55075571,2028.334227,1865.790655,151476,22852974.83,515.2756973,473.9833151,3018.5,0.357148773,10.26802723
RIMMA0439.1,RIMMA0439,1,0,0,mays,SAH,1,2900,2.65,1504510,1361130.833,14026,1.030466701,27.30736759,24.70498701,1359,0.099843451,2.645851458,2.393702933,6402,0.470344205,12.46412144,11.27629594,176595,12.97413854,343.8146713,311.0492785,65106,4.783228651,126.7555593,114.6758081,78273.16667,5.750598308,152.3908552,137.8680711,915854,67.28625769,1783.085829,1613.158503,235994,22901661.91,459.4592119,415.6729434,4744.833334,0.348594949,9.23776615
RIMMA0441.1,RIMMA0441,1,0,0,mays,ML,1,1320,2.8,1469640,1374159.5,29434,2.14196387,59.97498835,56.07849541,4355,0.316920998,8.873787941,8.29727008,5725,0.416618304,11.66531251,10.90743311,49697,3.616537964,101.263063,94.68414033,19061,1.387102443,38.83886841,36.31556027,76419.5,5.561181217,155.7130741,145.5966087,964159,70.16354361,1964.579221,1836.943197,244075,11394916.76,497.3294585,465.018644,4983.166666,0.362633789,10.1537461
RIMMA0462.1,RIMMA0462,1,0,0,mays,SAL,1,1700,3.065,1431100,1338243,103906,7.764359687,237.9776244,222.5364335,5017,0.374894545,11.49051779,10.74495493,3114,0.232693166,7.132045525,6.66928237,114909,8.58655715,263.1779766,246.1016596,49562,3.70351274,113.5126655,106.1473901,43295,3.23521214,99.15925209,92.72529872,879706,65.735894,2014.805151,1884.074411,241216,3106708.212,552.4609806,516.6145203,4024.333333,0.300717682,9.216996962
RIMMA0464.1,RIMMA0464,1,0,0,mays,SAH,1,1800,2.735,515752,470662.5,7604,1.615595039,44.18652431,40.32352759,1268,0.269407484,7.368294691,6.724123222,2256,0.479324357,13.10952115,11.96342428,54254,11.52715587,315.2677131,287.7055057,18450,3.920006374,107.2121743,97.83917464,26639.5,5.660000531,154.8010145,141.2675714,316862,67.32255066,1841.271761,1680.299,82927,5132907.567,481.8853106,439.7565981,1591.533333,0.338147469,9.248333289
RIMMA0465.1,RIMMA0465,1,0,0,mays,SAH,1,2300,2.86,808164,742592.1667,5905,0.795187489,22.74236217,20.89711989,950,0.127930248,3.658805091,3.361941388,3054,0.411262081,11.76209552,10.80775684,62326,8.393032245,240.0407222,220.5645884,23318,3.140081602,89.8063338,82.51973609,42253.83333,5.690045658,162.7353058,149.5314854,519007,69.89125704,1998.889951,1836.706436,132631,16679211.12,510.8115558,469.3659455,2631.833333,0.354411675,10.13617389
RIMMA0466.1,RIMMA0466,1,0,0,mays,SAH,1,3600,2.875,1035623,947846.6667,10091,1.064623673,30.60793061,28.01369321,1767,0.186422558,5.359648537,4.905380626,4599,0.485205061,13.94964551,12.76731494,94390,9.95836176,286.3029006,262.0367161,34979,3.690364827,106.0979888,97.10543798,52797.33333,5.570239912,160.1443975,146.5710334,655773,69.18555744,1989.084776,1820.495851,170243,15990908.74,516.3795392,472.6127413,3488.666667,0.368062345,10.58179241
RIMMA0467.1,RIMMA0467,1,0,0,mays,SAH,1,2800,2.76,1131998,1041680.167,8243,0.791317745,21.84036975,20.09780936,1449,0.139102197,3.839220644,3.532903768,3231,0.31017198,8.560746653,7.877717098,89757,8.616560329,237.8170651,218.8425421,32319,3.102583791,85.63131262,78.79911449,57998.83333,5.567815841,153.6717172,141.4108329,701709,67.36319097,1859.224071,1710.883623,172401,21786570.72,456.7877696,420.3424034,3431.833333,0.32945173,9.092867754
RIMMA0468.1,RIMMA0468,1,0,0,mays,SAH,1,3150,2.77,876259,786087,6427,0.817593981,22.64735328,20.31681272,1260,0.160287602,4.439966569,3.983068933,3199,0.406952411,11.27258179,10.11256946,128043,16.28865507,451.1957455,404.7651551,47144,5.997300553,166.1252253,149.0300014,43028,5.473694388,151.6213345,136.0186429,518708,65.98608042,1827.814428,1639.722,133558,16335492.07,470.6294087,422.1989845,2730.333333,0.347332208,9.62110216
RIMMA0473.1,RIMMA0473,1,0,0,mays,SAH,1,3104,2.75,1458848,1326851.333,8650,0.651919306,17.92778091,16.30567407,1967,0.148245696,4.076756652,3.707891432,6715,0.506085334,13.91734668,12.6581042,140390,10.58068801,290.9689204,264.6420326,54525,4.109352618,113.007197,102.7822981,77471.66667,5.838760132,160.5659036,146.0378897,916324,69.06003536,1899.150972,1727.315663,235107,36063819.24,487.277085,443.1882211,4950,0.373063649,10.25925035
RIMMA0614.1,RIMMA0614,1,0.714285714,1,mays,MH,1,2060,3.04,900171,824659.5,72391,8.778289706,266.8600071,244.474261,1292,0.156670723,4.762789976,4.36325987,2896,0.351175243,10.67572738,9.780186209,68153,8.264380632,251.2371712,230.1619581,30310,3.675456355,111.7338732,102.3609959,45201.5,5.481231951,166.6294513,152.6516184,560471,67.96392936,2066.103452,1892.786859,158303,1803346.726,583.5634222,534.6107795,2352.666667,0.285289464,8.672799703
RIMMA0615.1,RIMMA0615,1,0,0,mays,ML,1,152,2.95,878433,810493,63554,7.841400234,231.3213069,213.4303925,7145,0.88156221,26.00608519,23.99471559,2760,0.340533478,10.04573759,9.268777471,60830,7.505308497,221.4066007,204.2825122,24667,3.043456267,89.78195987,82.83801952,43273,5.339096081,157.5033344,145.3216694,552191,68.13026146,2009.842713,1854.39692,161559,2060333.552,588.0359855,542.5559491,2748.5,0.339114588,10.00388035
RIMMA0616.1,RIMMA0616,1,0,0,mays,MH,1,1800,3.105,1141124,1060251,86796,8.186363418,254.1865841,236.1720374,7847,0.740107767,22.98034616,21.35169797,4176,0.393868999,12.22963242,11.36290184,62166,5.863328589,182.0563527,169.1537729,26431,2.492900266,77.40455326,71.91878797,54442,5.134821849,159.4362184,148.1367581,713230,67.26992005,2088.731017,1940.699828,196592,2401457.032,575.7298602,534.927107,3238.5,0.30544654,9.484115082
RIMMA0619.1,RIMMA0619,1,0,0,mays,ML,1,747,3.02,1237978,1134779,71869,6.333303665,191.2657707,175.3216778,7576,0.667618981,20.16209324,18.48136235,4952,0.436384529,13.17881279,12.08021467,102682,9.048634139,273.268751,250.4888132,43493,3.832728663,115.7484056,106.0995107,59706,5.261465008,158.8962432,145.6505043,770954,67.93869115,2051.748473,1880.712807,219662,3468363.616,584.5889288,535.8570508,3832.499999,0.337730959,10.19947496
RIMMA0620.1,RIMMA0620,1,0,0,mays,MH,1,1799,2.99,735468,674844.3333,58394,8.652958485,258.7234587,237.3972219,5788,0.857679277,25.64461039,23.53075865,2291,0.339485699,10.15062239,9.313919844,61688,9.141071052,273.3180245,250.7887767,26826,3.975138958,118.8566548,109.059456,33797.66667,5.00821671,149.7456796,137.4023388,456493,67.64419251,2022.561356,1855.844265,136728,1580130.082,605.7941066,555.8592896,2490.333333,0.369023375,11.03379891
RIMMA0621.1,RIMMA0621,1,1,1,mays,MH,1,1870,3.015,790645,741271.6667,67587,9.117709881,274.8989529,257.7323641,7372,0.994507187,29.98439169,28.11195922,3064,0.413343736,12.46231364,11.68408072,30506,4.115360315,124.0781135,116.3298193,11600,1.564878373,47.18108296,44.23477035,37773.33333,5.095747623,153.6367908,144.0426487,498099,67.19520284,2025.935366,1899.421972,141851,1555774.442,576.9554999,540.9264145,2099.5,0.283229495,8.539369281
RIMMA0623.1,RIMMA0623,1,0,0,mays,MH,1,2520,2.76,958986,879983.5,23487,2.669027317,73.66515395,67.59652383,2524,0.28682356,7.916330249,7.264172783,2841,0.322846962,8.910576164,8.17651144,78179,8.88414385,245.2023703,225.0022837,30773,3.496997387,96.51712788,88.56592276,48229.5,5.480727764,151.2680863,138.8064268,592021,67.27637507,1856.827952,1703.860077,150701,5646289.157,472.6619988,433.7234954,2590.75,0.294408929,8.125686447
RIMMA0625.1,RIMMA0625,1,0,0,mays,MH,1,2600,2.675,140007,128327.5,4290,3.343009098,89.42549337,81.96554458,300,0.23377686,6.253531005,5.731856264,348,0.271181158,7.254095965,6.648953267,13969,10.88542986,291.1852487,266.8943339,4825,3.759911165,100.5776237,92.18735492,6854.5,5.341411623,142.8827609,130.9633625,82817,64.53566071,1726.328924,1582.317134,21320,637748.7879,444.4176034,407.3439185,346.1666667,0.269752521,7.215879943
RIMMA0626.1,RIMMA0626,2,0,0,mays,MH,1,2260,2.775,1058888,954769.8333,19435,2.035569131,56.48704339,50.93279459,3391,0.355164133,9.855804689,8.886704732,4521,0.473517265,13.1401041,11.84806608,114286,11.97000534,332.1676481,299.5063217,48456,5.075149875,140.835409,126.9873679,55662.16667,5.829904206,161.7798417,145.8723798,655547,68.66021287,1905.320907,1717.974824,170137,8358202.991,494.4963263,445.8735721,3030.833333,0.317441254,8.808994803
RIMMA0628.1,RIMMA0628,1,0,0,mays,ML,1,300,3.15,697065,654104.8333,56432,8.627363249,271.7619423,255.0132341,4046,0.618555283,19.4844914,18.28366078,2688,0.410943302,12.94471401,12.14693034,24424,3.733958038,117.6196782,110.3707689,10794,1.650194197,51.9811172,48.77751716,32166.16667,4.917585841,154.903954,145.357212,442007,67.57433633,2128.591594,1997.406339,122320,1417814.418,589.0615393,552.7576338,2011.166667,0.307468553,9.685259423
RIMMA0630.1,RIMMA0630,1,0,0,mays,MH,1,2220,2.66,886665,819597,21423,2.613845585,69.52829256,64.26912081,599,0.073084699,1.944052992,1.797003378,3755,0.458151994,12.18684305,11.26502117,50200,6.124961414,162.9239736,150.6002831,21483,2.621166256,69.72302241,64.44912114,45585,5.561879802,147.9460027,136.7552571,564001,68.81442953,1830.463826,1692.00618,142734,5460689.829,463.2428376,428.2028049,2801.166667,0.34177366,9.091179364
RIMMA0657.1,RIMMA0657,1,0,0,mays,SAH,1,2201,2.715,837621,756828.3333,6626,0.875495764,23.76971,21.47700452,1224,0.16172756,4.390903265,3.967379041,3389,0.447789789,12.15749278,10.98484279,89571,11.83504846,321.3215657,290.3285197,37452,4.948546236,134.3530303,121.3940195,43340.66667,5.726617881,155.4776755,140.4810887,524304,69.27647617,1880.856328,1699.438481,132488,15132911.59,475.2794051,429.436368,2656.333333,0.350982279,9.529168878
RIMMA0658.1,RIMMA0658,1,0,0,mays,SAH,1,1948,2.905,1096760,1018195.5,15848,1.556479085,45.21571741,41.97676793,1915,0.18807783,5.463660957,5.072281082,5180,0.508743164,14.77898891,13.72032167,55624,5.46299802,158.7000925,147.3318866,22995,2.258407153,65.60672778,60.90710365,55569.5,5.457645413,158.5445992,147.1875319,705101,69.25006052,2011.714258,1867.608597,176742,11355244.14,504.2602428,468.138435,3948,0.38774479,11.26398614
RIMMA0661.1,RIMMA0661,1,1,1,mays,SAH,1,2195,2.715,1255875,1179537.167,11187,0.948422849,25.74968035,24.18449686,2035,0.172525297,4.684061814,4.399343087,5250,0.445089833,12.08418895,11.34965661,89277,7.568816187,205.4933595,193.0025321,35756,3.031358486,82.3013829,77.29872798,40581.83333,3.440487886,93.40924611,87.7314044,805811,68.31586344,1854.775692,1742.033933,201466,21242212.82,463.7244213,435.5371275,3938.166666,0.333873894,9.064676212
RIMMA0662.1,RIMMA0662,1,0,0,mays,SAH,1,2195,2.74,1138894,1033012,6222,0.602316333,16.50346753,14.96915428,1481,0.143367163,3.928260272,3.563053278,4705,0.455464215,12.4797195,11.31949066,113762,11.01265039,301.7466206,273.6934956,45467,4.401400952,120.5983861,109.3864574,60415,5.848431577,160.2470252,145.3489965,708290,68.56551521,1878.695117,1704.03444,182522,30303345.59,484.1282386,439.1192508,3695.666667,0.357756412,9.80252569
RIMMA0663.1,RIMMA0663,1,0,0,mays,SAH,1,2067,2.71,993813,906370.5,7059,0.778820582,21.10603776,19.24898346,1337,0.147511421,3.997559497,3.64582673,4954,0.5465756,14.81219876,13.50891969,93990,10.3699315,281.0251437,256.2986196,34946,3.855597683,104.4866972,95.29323927,52496.5,5.791947112,156.9617667,143.1511914,625203,68.97874545,1869.324002,1704.848025,158903,20403030.4,475.1115907,433.3080066,3357.5,0.370433504,10.03874795
RIMMA0667.1,RIMMA0667,1,0,0,mays,SAH,1,2201,2.895,885229,807766.3333,7537,0.933066865,27.01228573,24.64855422,1526,0.188916019,5.469118751,4.990539171,4311,0.533693944,15.45043967,14.09843668,81881,10.13671858,293.4580029,267.7787273,30410,3.764702581,108.9881397,99.451046,47052.66667,5.825034385,168.6347454,153.8782281,556925,68.94630006,1995.995387,1821.334225,142342,15255283.99,510.1476417,465.5067672,2805.666667,0.34733642,10.05538937
RIMMA0671.1,RIMMA0671,1,0,0,mays,MH,1,2477,2.86,982588,901595.5,58374,6.474522111,185.1713324,169.9080795,3739,0.414709257,11.86068475,10.88303541,2632,0.291926923,8.349109994,7.660911796,81186,9.004703329,257.5345152,236.3065293,31336,3.475616282,99.40262568,91.20909272,49656.5,5.507625094,157.5180777,144.5342198,606191,67.2353622,1922.931359,1764.428489,169932,2624626.144,539.0505166,494.6178052,2488.5,0.276010694,7.893905859
RIMMA0674.1,RIMMA0674,1,0,0,mays,MH,1,2652,2.7,1687921,1563077,51267,3.279876807,88.55667379,82.00674084,5467,0.349758841,9.443488708,8.74501828,7650,0.489419267,13.21432022,12.23694711,93314,5.969891438,161.1870688,149.2651611,39758,2.543572709,68.67646316,63.59693374,85086,5.443493827,146.9743333,136.1036447,1072836,68.63615804,1853.176267,1716.109462,275682,8405254.716,476.2026439,440.9811834,5368.833334,0.343478494,9.273919328
RIMMA0680.1,RIMMA0680,1,1,1,mays,MH,1,1890,3.175,1145651,1052721.5,120250,11.42277421,362.6730812,333.2548481,8109,0.770289198,24.45668204,22.47287787,4776,0.453681244,14.40437951,13.23596802,107322,10.19471912,323.6823319,297.4268342,39624,3.763958464,119.5056812,109.8119759,53305.5,5.063589943,160.7689807,147.7282021,684516,65.02346537,2064.495026,1897.033477,210150,1839745.723,633.8107942,582.3992211,3237,0.307488733,9.762767267
RIMMA0690.1,RIMMA0690,1,0,0,mays,SAL,1,250,3.335,1052951,972282.3333,74013,7.612295057,253.8700401,234.4205523,7072,0.727360743,24.25748077,22.399067,3479,0.357817877,11.93322619,11.01899804,66957,6.886579927,229.6674406,212.072162,28939,2.976398831,99.262901,91.65817308,51729.66667,5.320436759,177.4365659,163.8427983,668308,68.73600158,2292.345653,2116.724501,193081,2536436.102,662.282048,611.5433054,3430,0.352778188,11.76515258
RIMMA0691.1,RIMMA0691,1,0,0,mays,SAL,1,1098,3.03,856688,792028.3333,97398,12.29728734,372.6078065,344.4847366,10901,1.376339651,41.70309143,38.55549512,2116,0.26716216,8.095013436,7.484031526,58095,7.334964869,222.2494355,205.4748637,25402,3.207208496,97.17841744,89.84374708,39257.66667,4.956598775,150.1849429,138.8495345,532789,67.26893188,2038.248636,1884.409108,165856,1348720.212,634.5021495,586.6122556,2374.25,0.299768316,9.082979987
RIMMA0696.1,RIMMA0696,1,0,0,mays,ML,1,30,3.03,990239,908707.5,36256,3.989842716,120.8922343,110.9385512,7997,0.880041157,26.66524707,24.46975932,3200,0.352148519,10.67010011,9.791575569,71778,7.898911366,239.3370144,219.6311598,32714,3.600058325,109.0817672,100.100501,48817.5,5.372190721,162.7773789,149.3750751,616374,67.8297472,2055.24134,1886.022687,165083,4137581.648,550.4537929,505.1320843,3187.666667,0.35079128,10.62897577
RIMMA0700.1,RIMMA0700,1,1,1,mays,ML,1,579,2.935,927371,856508,55253,6.450961345,189.3357155,174.8680463,10642,1.242486935,36.46699155,33.6804472,3673,0.42883429,12.58628641,11.62453322,55521,6.482251187,190.2540723,175.716229,24344,2.842238485,83.41969952,77.04536804,46519,5.431239405,159.4068765,147.2261533,593119,69.24850673,2032.443672,1877.138993,173323,2686777.842,593.9267409,548.5431451,3057.166667,0.356933813,10.47600742
RIMMA0701.1,RIMMA0701,1,1,1,mays,ML,1,686,3.175,1045810,951096.6667,87302,9.179088,291.436044,265.0422639,15953,1.677326875,53.25512829,48.43210048,2727,0.286721644,9.103412201,8.278965586,122606,12.89101353,409.2896796,372.2225356,47240,4.966897862,157.6990071,143.4170643,47473.33333,4.991430945,158.4779325,144.1254466,623261,65.53077325,2080.602051,1892.17322,189776,2067482.085,633.5200418,576.1455714,3031.166667,0.31870227,10.11879707
RIMMA0702.1,RIMMA0702,1,0,0,mays,ML,1,1052,3.06,889920,807076.1667,82078,10.16979604,311.1957587,282.2261327,14600,1.808999027,55.35537022,50.20226537,1846,0.228726863,6.999042015,6.347491909,103842,12.86644363,393.7131749,357.0618932,42958,5.322669876,162.8736982,147.7115696,39885.83333,4.942016006,151.2256898,137.1478897,522362,64.72276367,1980.516568,1796.147654,164695,1619452.341,624.4351163,566.305623,2363,0.292785253,8.959228755
RIMMA0703.1,RIMMA0703,1,0,0,mays,ML,1,30,3.005,802214,730704.5,57986,7.935629245,238.4656588,217.2087872,6972,0.954147675,28.67213764,26.11629814,3314,0.45353491,13.62872406,12.41385715,81618,11.16976835,335.651539,305.7315006,33240,4.549034528,136.6984876,124.5131598,38269.5,5.237342866,157.3821531,143.3530797,483094,66.11345626,1986.709361,1809.613731,141314,1780753.556,581.1495208,529.3457481,2466.5,0.337550953,10.14340612
RIMMA0708.1,RIMMA0708,1,0,0,mays,SAL,1,1098,2.92,811469,734251,10701,1.457403531,42.5561831,38.50660962,1272,0.173237762,5.058542651,4.577180398,3317,0.451752875,13.19118394,11.93593347,84718,11.53801629,336.9100757,304.85029,35999,4.902819336,143.1623246,129.539243,41219,5.613747887,163.9214383,148.322955,484981,66.05111876,1928.692668,1745.161577,122715,8420111.341,488.01813,441.5791608,2800.166667,0.381363684,11.13581959
RIMMA0709.1,RIMMA0709,1,1,1,mays,ML,1,747,3.115,961929,879785.3333,70204,7.97967383,248.5668398,227.3405418,12788,1.453536393,45.27765864,41.41118523,3015,0.342697234,10.67501883,9.763428486,87243,9.916396272,308.8957439,282.5176754,35203,4.001316988,124.6410242,113.9973376,46940.66667,5.335468198,166.1998344,152.0072445,589894,67.04976517,2088.600185,1910.244737,175371,2197721.407,620.924951,567.9012328,2966.333333,0.337165581,10.50270786
RIMMA0710.1,RIMMA0710,1,1,1,mays,ML,1,91,3.1,699791,647107,48577,7.50679563,232.7106645,215.1909642,8722,1.347845101,41.78319814,38.63753606,2522,0.389734619,12.08177318,11.17219284,47039,7.269122417,225.3427949,208.3777871,20189,3.119885892,96.71646266,89.43513135,32495,5.021580666,155.6690006,143.9494078,446030,68.92677718,2136.730093,1975.865651,131512,1751905.959,630.0151289,582.5842287,2325.666667,0.359394454,11.14122806
RIMMA0712.1,RIMMA0712,1,0,0,mays,ML,1,1220,2.915,846341,765276,30584,3.996466634,116.4970024,105.338581,858,0.112116413,3.268193436,2.955156373,2895,0.37829489,11.02729603,9.971069581,102703,13.42038689,391.2042779,353.7335956,39116,5.111358516,148.9961008,134.7248213,41949,5.481551754,159.7872336,144.4823481,507314,66.29163857,1932.401264,1747.310257,136680,3420021.046,520.6254998,470.7584768,2580,0.33713327,9.827434808
RIMMA0716.1,RIMMA0716,1,0,0,mays,ML,1,91,3.045,1179326,1087187.5,91494,8.415659672,256.256837,236.2359772,13587,1.249738431,38.05453521,35.08140667,2949,0.271250359,8.259573441,7.614268659,97833,8.998723771,274.0111388,252.6031691,38068,3.501511929,106.6210382,98.29093906,54070.5,4.973429146,151.4409175,139.6091263,706945,65.02512216,1980.01497,1825.320162,202689,2408474.295,567.69233,523.3396067,3262,0.300040241,9.136225351
RIMMA0720.1,RIMMA0720,1,0,0,mays,ML,1,39,3.05,1539868,1416371.833,132827,9.377975252,286.0282452,263.0890115,15556,1.098299164,33.49812449,30.81160203,3898,0.275210217,8.393911627,7.720726712,117403,8.288995675,252.8143681,232.5388605,49966,3.527745951,107.5962515,98.96711926,73530.16667,5.191445137,158.3390767,145.640411,952963,67.28197904,2052.100361,1887.523573,288321,3074448.293,620.8673664,571.0743064,4805.333333,0.339270608,10.34775355
RIMMA0721.1,RIMMA0721,1,1,1,mays,ML,1,915,3.18,498783,462649.8333,45833,9.906628447,315.0307846,292.209117,7746,1.674268408,53.24173538,49.38476251,734,0.158651305,5.045111512,4.67963022,36139,7.811307256,248.3995707,230.4048454,13184,2.849671404,90.61955064,84.05482945,22949.16667,4.960374999,157.739925,146.3128254,312574,67.56168002,2148.461425,1992.821167,95528,964283.6663,656.606829,609.0404845,1389.166667,0.300263086,9.548366134
RIMMA0727.1,RIMMA0727,1,0,0,mays,ML,1,1151,3.045,421310,388358.3333,41437,10.66978521,324.8949596,299.4841447,5232,1.347209407,41.02252645,37.81405616,1318,0.339377293,10.33403858,9.525788612,35034,9.021050147,274.690977,253.2067361,13682,3.523034998,107.2764157,98.88606964,19269.66667,4.961826492,151.0876167,139.2706914,259815,66.90084329,2037.130678,1877.801797,79754,747475.2158,625.3269446,576.4186229,1190,0.306418042,9.330429373
RIMMA0729.1,RIMMA0729,1,1,1,mays,ML,1,122,3.005,1142947,1061666.5,95732,9.017144273,270.9651854,251.6955379,9494,0.894254457,26.87234645,24.96132367,4236,0.398995353,11.98981036,11.13715684,58285,5.489953766,164.9731107,153.2410733,25942,2.443516867,73.42768186,68.20588356,55338.5,5.212418401,156.6331729,145.494229,734300,69.16484602,2078.403623,1930.598269,216676,2402933.717,613.29182,569.6776666,3733.5,0.351664105,10.56750637
RIMMA0730.1,RIMMA0730,1,0,0,mays,ML,1,1067,2.84,857270,776585,47087,6.063341424,172.1988965,155.9917879,5305,0.68311904,19.40058075,17.57462643,2398,0.308787834,8.769574483,7.944194944,101977,13.13146661,372.9336518,337.8336813,39570,5.095385566,144.7089501,131.0891551,41115,5.294333524,150.3590721,136.2074959,509819,65.64883432,1864.426895,1688.949759,144789,2387940.739,529.4987155,479.66307,2356.666667,0.303465386,8.618416958
RIMMA0731.1,RIMMA0731,1,1,1,mays,ML,1,1520,3.175,895334,823227.3333,90753,11.02405087,350.0136151,321.8249,7448,0.904731864,28.72523669,26.4118195,2947,0.357981311,11.36590662,10.45054136,68199,8.28434592,263.027983,241.8447473,30126,3.659499482,116.1891086,106.8316963,41980.66667,5.099522935,161.9098532,148.8702726,554821,67.39584287,2139.818011,1967.485514,165648,1502605.548,638.8665423,587.4147525,2568.833333,0.312044223,9.907404071
RIMMA0733.1,RIMMA0733,1,0,0,mays,ML,1,107,3.695,659855,591663.3333,71911,12.1540403,449.0917892,402.6811118,11804,1.995053493,73.71722658,66.09903691,801,0.135381044,5.002329591,4.485371786,102664,17.35175973,641.147522,574.8891499,40692,6.877559874,254.1258373,227.8636064,27499.66667,4.647857171,171.7383225,153.9902984,370274,62.5818737,2312.400233,2073.428905,120012,987424.7328,749.487614,672.0330073,1689.666667,0.285579074,10.55214677